Date,Last trade price,Max,Min,Avg. Price,%chg.,Volume,Turnover in BEST in denars,Total turnover in denars
11/8/2024,3030.0,,,3030.0,0.0,0,0,0
11/7/2024,3030.0,,,3030.0,0.0,0,0,0
11/6/2024,3030.0,,,3030.0,0.0,0,0,0
11/5/2024,3030.0,,,3030.0,0.0,0,0,0
11/4/2024,3030.0,,,3030.0,0.0,0,0,0
11/1/2024,3030.0,,,3030.0,0.0,0,0,0
10/31/2024,3030.0,,,3030.0,0.0,0,0,0
10/30/2024,3030.0,,,3030.0,0.0,0,0,0
10/29/2024,3030.0,,,3030.0,0.0,0,0,0
10/28/2024,3030.0,,,3030.0,0.0,0,0,0
10/25/2024,3030.0,,,3030.0,0.0,0,0,0
10/24/2024,3030.0,,,3030.0,0.0,0,0,0
10/22/2024,3030.0,,,3030.0,0.0,0,0,0
10/21/2024,3030.0,,,3030.0,0.0,0,0,0
10/18/2024,3030.0,,,3030.0,0.0,0,0,0
10/17/2024,3030.0,,,3030.0,0.0,0,0,0
10/16/2024,3030.0,,,3030.0,0.0,0,0,3300000
10/15/2024,3030.0,,,3030.0,0.0,0,0,0
10/14/2024,3030.0,,,3030.0,0.0,0,0,0
10/10/2024,3030.0,,,3030.0,0.0,0,0,0
10/9/2024,3030.0,,,3030.0,0.0,0,0,0
10/8/2024,3030.0,,,3030.0,0.0,0,0,0
10/7/2024,3030.0,,,3030.0,0.0,0,0,0
10/4/2024,3030.0,,,3030.0,0.0,0,0,0
10/3/2024,3030.0,,,3030.0,0.0,0,0,0
10/2/2024,3030.0,,,3030.0,0.0,0,0,0
10/1/2024,3030.0,3030.0,3030.0,3030.0,0.0,15,45450,45450
9/30/2024,3030.0,,,3030.0,0.0,0,0,0
9/27/2024,3030.0,,,3030.0,0.0,0,0,0
9/26/2024,3030.0,,,3030.0,0.0,0,0,0
9/25/2024,3030.0,,,3030.0,0.0,0,0,0
9/24/2024,3030.0,,,3030.0,0.0,0,0,0
9/23/2024,3030.0,,,3030.0,0.0,0,0,0
9/20/2024,3030.0,,,3030.0,0.0,0,0,0
9/19/2024,3030.0,,,3030.0,0.0,0,0,0
9/18/2024,3030.0,,,3030.0,0.0,0,0,0
9/17/2024,3030.0,,,3030.0,0.0,0,0,0
9/16/2024,3030.0,3030.0,3030.0,3030.0,2.71,400,1212000,1212000
9/13/2024,2950.0,,,2950.0,0.0,0,0,0
9/12/2024,2950.0,,,2950.0,0.0,0,0,0
9/11/2024,2950.0,,,2950.0,0.0,0,0,0
9/10/2024,2950.0,,,2950.0,0.0,0,0,0
9/6/2024,2950.0,,,2950.0,0.0,0,0,0
9/5/2024,2950.0,,,2950.0,0.0,0,0,0
9/4/2024,2950.0,,,2950.0,0.0,0,0,0
9/3/2024,2950.0,,,2950.0,0.0,0,0,0
9/2/2024,2950.0,,,2950.0,0.0,0,0,0
8/30/2024,2950.0,,,2950.0,0.0,0,0,0
8/29/2024,2950.0,,,2950.0,0.0,0,0,0
8/27/2024,2950.0,,,2950.0,0.0,0,0,0
8/26/2024,2950.0,,,2950.0,0.0,0,0,0
8/23/2024,2950.0,,,2950.0,0.0,0,0,0
8/22/2024,2950.0,,,2950.0,0.0,0,0,0
8/21/2024,2950.0,,,2950.0,0.0,0,0,0
8/20/2024,2950.0,,,2950.0,0.0,0,0,0
8/19/2024,2950.0,,,2950.0,0.0,0,0,0
8/16/2024,2950.0,,,2950.0,0.0,0,0,0
8/15/2024,2950.0,,,2950.0,0.0,0,0,0
8/14/2024,2950.0,,,2950.0,0.0,0,0,0
8/13/2024,2950.0,,,2950.0,0.0,0,0,0
8/12/2024,2950.0,,,2950.0,0.0,0,0,0
8/9/2024,2950.0,,,2950.0,0.0,0,0,0
8/8/2024,2950.0,,,2950.0,0.0,0,0,0
8/7/2024,2950.0,,,2950.0,0.0,0,0,0
8/6/2024,2950.0,,,2950.0,0.0,0,0,0
8/5/2024,2950.0,,,2950.0,0.0,0,0,0
8/1/2024,2950.0,,,2950.0,0.0,0,0,0
7/31/2024,2950.0,,,2950.0,0.0,0,0,0
7/30/2024,2950.0,,,2950.0,0.0,0,0,0
7/29/2024,2950.0,,,2950.0,0.0,0,0,0
7/26/2024,2950.0,,,2950.0,0.0,0,0,0
7/25/2024,2950.0,,,2950.0,0.0,0,0,0
7/24/2024,2950.0,,,2950.0,0.0,0,0,0
7/23/2024,2950.0,,,2950.0,0.0,0,0,0
7/22/2024,2950.0,,,2950.0,0.0,0,0,0
7/19/2024,2950.0,,,2950.0,0.0,0,0,0
7/18/2024,2950.0,,,2950.0,0.0,0,0,0
7/17/2024,2950.0,,,2950.0,0.0,0,0,0
7/16/2024,2950.0,,,2950.0,0.0,0,0,0
7/15/2024,2950.0,,,2950.0,0.0,0,0,0
7/12/2024,2950.0,,,2950.0,0.0,0,0,0
7/11/2024,2950.0,,,2950.0,0.0,0,0,0
7/10/2024,2950.0,,,2950.0,0.0,0,0,0
7/9/2024,2950.0,,,2950.0,0.0,0,0,0
7/8/2024,2950.0,,,2950.0,0.0,0,0,0
7/5/2024,2950.0,,,2950.0,0.0,0,0,0
7/4/2024,2950.0,,,2950.0,0.0,0,0,0
7/3/2024,2950.0,,,2950.0,0.0,0,0,0
7/2/2024,2950.0,,,2950.0,0.0,0,0,0
7/1/2024,2950.0,,,2950.0,0.0,0,0,0
6/28/2024,2950.0,,,2950.0,0.0,0,0,0
6/27/2024,2950.0,,,2950.0,0.0,0,0,0
6/26/2024,2950.0,,,2950.0,0.0,0,0,0
6/25/2024,2950.0,,,2950.0,0.0,0,0,0
6/24/2024,2950.0,,,2950.0,0.0,0,0,0
6/20/2024,2950.0,,,2950.0,0.0,0,0,0
6/19/2024,2950.0,,,2950.0,0.0,0,0,0
6/18/2024,2950.0,,,2950.0,0.0,0,0,0
6/17/2024,2950.0,,,2950.0,0.0,0,0,0
6/14/2024,2950.0,,,2950.0,0.0,0,0,0
6/13/2024,2950.0,,,2950.0,0.0,0,0,0
6/12/2024,2950.0,,,2950.0,0.0,0,0,0
6/11/2024,2950.0,,,2950.0,0.0,0,0,0
6/10/2024,2950.0,,,2950.0,0.0,0,0,0
6/7/2024,2950.0,,,2950.0,0.0,0,0,0
6/6/2024,2950.0,,,2950.0,0.0,0,0,0
6/5/2024,2950.0,,,2950.0,0.0,0,0,0
6/4/2024,2950.0,2950.0,2950.0,2950.0,0.0,31,91450,91450
6/3/2024,2950.0,,,2950.0,0.0,0,0,0
5/31/2024,2950.0,,,2950.0,0.0,0,0,0
5/30/2024,2950.0,,,2950.0,0.0,0,0,0
5/29/2024,2950.0,,,2950.0,0.0,0,0,0
5/28/2024,2950.0,,,2950.0,0.0,0,0,0
5/27/2024,2950.0,,,2950.0,0.0,0,0,0
5/23/2024,2950.0,,,2950.0,0.0,0,0,0
5/22/2024,2950.0,,,2950.0,0.0,0,0,0
5/21/2024,2950.0,,,2950.0,0.0,0,0,0
5/20/2024,2950.0,,,2950.0,0.0,0,0,0
5/17/2024,2950.0,,,2950.0,0.0,0,0,0
5/16/2024,2950.0,,,2950.0,0.0,0,0,0
5/15/2024,2950.0,,,2950.0,0.0,0,0,0
5/14/2024,2950.0,,,2950.0,0.0,0,0,0
5/13/2024,2950.0,,,2950.0,0.0,0,0,0
5/10/2024,2950.0,,,2950.0,0.0,0,0,0
5/9/2024,2950.0,,,2950.0,0.0,0,0,0
5/7/2024,2950.0,,,2950.0,0.0,0,0,0
5/2/2024,2950.0,2950.0,2950.0,2950.0,0.0,70,206500,206500
4/30/2024,2950.0,,,2950.0,0.0,0,0,0
4/29/2024,2950.0,,,2950.0,0.0,0,0,0
4/26/2024,2950.0,,,2950.0,0.0,0,0,0
4/25/2024,2950.0,,,2950.0,0.0,0,0,0
4/23/2024,2950.0,,,2950.0,0.0,0,0,0
4/22/2024,2950.0,,,2950.0,0.0,0,0,0
4/19/2024,2950.0,,,2950.0,0.0,0,0,0
4/18/2024,2950.0,,,2950.0,0.0,0,0,0
4/17/2024,2950.0,,,2950.0,0.0,0,0,0
4/16/2024,2950.0,,,2950.0,0.0,0,0,0
4/15/2024,2950.0,,,2950.0,0.0,0,0,0
4/12/2024,2950.0,,,2950.0,0.0,0,0,0
4/11/2024,2950.0,,,2950.0,0.0,0,0,0
4/9/2024,2950.0,,,2950.0,0.0,0,0,0
4/8/2024,2950.0,,,2950.0,0.0,0,0,0
4/5/2024,2950.0,,,2950.0,0.0,0,0,0
4/4/2024,2950.0,2950.0,2950.0,2950.0,0.0,7,20650,20650
4/3/2024,2950.0,,,2950.0,0.0,0,0,0
4/2/2024,2950.0,,,2950.0,0.0,0,0,0
4/1/2024,2950.0,,,2950.0,0.0,0,0,0
3/29/2024,2950.0,,,2950.0,0.0,0,0,0
3/28/2024,2950.0,,,2950.0,0.0,0,0,0
3/27/2024,2950.0,,,2950.0,0.0,0,0,0
3/26/2024,2950.0,,,2950.0,0.0,0,0,0
3/25/2024,2950.0,,,2950.0,0.0,0,0,0
3/22/2024,2950.0,,,2950.0,0.0,0,0,0
3/21/2024,2950.0,,,2950.0,0.0,0,0,0
3/20/2024,2950.0,,,2950.0,0.0,0,0,0
3/19/2024,2950.0,,,2950.0,0.0,0,0,0
3/18/2024,2950.0,,,2950.0,0.0,0,0,0
3/15/2024,2950.0,,,2950.0,0.0,0,0,0
3/14/2024,2950.0,,,2950.0,0.0,0,0,0
3/13/2024,2950.0,,,2950.0,0.0,0,0,0
3/12/2024,2950.0,,,2950.0,0.0,0,0,0
3/11/2024,2950.0,,,2950.0,0.0,0,0,0
3/8/2024,2950.0,,,2950.0,0.0,0,0,0
3/7/2024,2950.0,,,2950.0,0.0,0,0,0
3/6/2024,2950.0,,,2950.0,0.0,0,0,0
3/5/2024,2950.0,2950.0,2950.0,2950.0,0.0,100,295000,295000
3/4/2024,2950.0,,,2950.0,0.0,0,0,0
3/1/2024,2950.0,,,2950.0,0.0,0,0,0
2/29/2024,2950.0,,,2950.0,0.0,0,0,0
2/28/2024,2950.0,,,2950.0,0.0,0,0,0
2/27/2024,2950.0,,,2950.0,0.0,0,0,0
2/26/2024,2950.0,,,2950.0,0.0,0,0,0
2/23/2024,2950.0,,,2950.0,0.0,0,0,0
2/22/2024,2950.0,,,2950.0,0.0,0,0,0
2/21/2024,2950.0,,,2950.0,0.0,0,0,0
2/20/2024,2950.0,,,2950.0,0.0,0,0,0
2/19/2024,2950.0,,,2950.0,0.0,0,0,0
2/16/2024,2950.0,,,2950.0,0.0,0,0,0
2/15/2024,2950.0,,,2950.0,0.0,0,0,0
2/14/2024,2950.0,,,2950.0,0.0,0,0,0
2/13/2024,2950.0,,,2950.0,0.0,0,0,0
2/12/2024,2950.0,,,2950.0,0.0,0,0,0
2/9/2024,2950.0,,,2950.0,0.0,0,0,0
2/8/2024,2950.0,,,2950.0,0.0,0,0,0
2/7/2024,2950.0,,,2950.0,0.0,0,0,0
2/6/2024,2950.0,,,2950.0,0.0,0,0,0
2/5/2024,2950.0,,,2950.0,0.0,0,0,0
2/2/2024,2950.0,,,2950.0,0.0,0,0,0
2/1/2024,2950.0,,,2950.0,0.0,0,0,0
1/31/2024,2950.0,,,2950.0,0.0,0,0,0
1/30/2024,2950.0,,,2950.0,0.0,0,0,0
1/29/2024,2950.0,,,2950.0,0.0,0,0,0
1/26/2024,2950.0,,,2950.0,0.0,0,0,0
1/25/2024,2950.0,,,2950.0,0.0,0,0,0
1/24/2024,2950.0,,,2950.0,0.0,0,0,0
1/23/2024,2950.0,,,2950.0,0.0,0,0,0
1/22/2024,2950.0,,,2950.0,0.0,0,0,0
1/18/2024,2950.0,,,2950.0,0.0,0,0,0
1/17/2024,2950.0,,,2950.0,0.0,0,0,0
1/16/2024,2950.0,,,2950.0,0.0,0,0,0
1/15/2024,2950.0,,,2950.0,0.0,0,0,0
1/12/2024,2950.0,,,2950.0,0.0,0,0,0
1/11/2024,2950.0,,,2950.0,0.0,0,0,0
1/10/2024,2950.0,,,2950.0,0.0,0,0,0
1/9/2024,2950.0,,,2950.0,0.0,0,0,0
1/5/2024,2950.0,,,2950.0,0.0,0,0,0
1/4/2024,2950.0,,,2950.0,0.0,0,0,0
1/3/2024,2950.0,,,2950.0,0.0,0,0,0
1/2/2024,2950.0,,,2950.0,0.0,0,0,0
12/28/2023,2950.0,,,2950.0,0.0,0,0,0
12/27/2023,2950.0,,,2950.0,0.0,0,0,0
12/26/2023,2950.0,,,2950.0,0.0,0,0,0
12/25/2023,2950.0,,,2950.0,0.0,0,0,0
12/22/2023,2950.0,,,2950.0,0.0,0,0,0
12/21/2023,2950.0,,,2950.0,0.0,0,0,0
12/20/2023,2950.0,,,2950.0,0.0,0,0,0
12/19/2023,2950.0,,,2950.0,0.0,0,0,0
12/18/2023,2950.0,,,2950.0,0.0,0,0,0
12/15/2023,2950.0,,,2950.0,0.0,0,0,0
12/14/2023,2950.0,,,2950.0,0.0,0,0,0
12/13/2023,2950.0,,,2950.0,0.0,0,0,0
12/12/2023,2950.0,,,2950.0,0.0,0,0,0
12/11/2023,2950.0,,,2950.0,0.0,0,0,0
12/7/2023,2950.0,,,2950.0,0.0,0,0,0
12/6/2023,2950.0,,,2950.0,0.0,0,0,0
12/5/2023,2950.0,,,2950.0,0.0,0,0,0
12/4/2023,2950.0,,,2950.0,0.0,0,0,0
12/1/2023,2950.0,,,2950.0,0.0,0,0,0
11/30/2023,2950.0,,,2950.0,0.0,0,0,0
11/29/2023,2950.0,,,2950.0,0.0,0,0,0
11/28/2023,2950.0,2950.0,2950.0,2950.0,0.0,114,336300,336300
11/27/2023,2950.0,,,2950.0,0.0,0,0,0
11/24/2023,2950.0,,,2950.0,0.0,0,0,0
11/23/2023,2950.0,,,2950.0,0.0,0,0,0
11/22/2023,2950.0,,,2950.0,0.0,0,0,0
11/21/2023,2950.0,,,2950.0,0.0,0,0,0
11/20/2023,2950.0,2950.0,2950.0,2950.0,-2.96,15,44250,44250
11/17/2023,3040.0,,,3040.0,0.0,0,0,0
11/16/2023,3040.0,,,3040.0,0.0,0,0,0
11/15/2023,3040.0,,,3040.0,0.0,0,0,0
11/14/2023,3040.0,,,3040.0,0.0,0,0,0
11/13/2023,3040.0,,,3040.0,0.0,0,0,0
11/10/2023,3040.0,,,3040.0,0.0,0,0,0
11/9/2023,3040.0,,,3040.0,0.0,0,0,0
11/8/2023,3040.0,,,3040.0,0.0,0,0,0
11/7/2023,3040.0,,,3040.0,0.0,0,0,0
11/6/2023,3040.0,,,3040.0,0.0,0,0,0
11/3/2023,3040.0,,,3040.0,0.0,0,0,0
11/2/2023,3040.0,,,3040.0,0.0,0,0,0
11/1/2023,3040.0,,,3040.0,0.0,0,0,0
10/31/2023,3040.0,,,3040.0,0.0,0,0,0
10/30/2023,3040.0,,,3040.0,0.0,0,0,0
10/27/2023,3040.0,,,3040.0,0.0,0,0,0
10/26/2023,3040.0,,,3040.0,0.0,0,0,0
10/25/2023,3040.0,,,3040.0,0.0,0,0,0
10/24/2023,3040.0,,,3040.0,0.0,0,0,0
10/20/2023,3040.0,,,3040.0,0.0,0,0,0
10/19/2023,3040.0,,,3040.0,0.0,0,0,0
10/18/2023,3040.0,,,3040.0,0.0,0,0,0
10/17/2023,3040.0,,,3040.0,0.0,0,0,0
10/16/2023,3040.0,,,3040.0,0.0,0,0,0
10/13/2023,3040.0,,,3040.0,0.0,0,0,0
10/12/2023,3040.0,,,3040.0,0.0,0,0,0
10/10/2023,3040.0,,,3040.0,0.0,0,0,0
10/9/2023,3040.0,,,3040.0,0.0,0,0,0
10/6/2023,3040.0,,,3040.0,0.0,0,0,0
10/5/2023,3040.0,,,3040.0,0.0,0,0,0
10/4/2023,3040.0,,,3040.0,0.0,0,0,0
10/3/2023,3040.0,,,3040.0,0.0,0,0,0
10/2/2023,3040.0,,,3040.0,0.0,0,0,0
9/29/2023,3040.0,3040.0,3040.0,3040.0,3.05,20,60800,60800
9/28/2023,2950.0,,,2950.0,0.0,0,0,0
9/27/2023,2950.0,,,2950.0,0.0,0,0,0
9/26/2023,2950.0,,,2950.0,0.0,0,0,0
9/25/2023,2950.0,,,2950.0,0.0,0,0,0
9/22/2023,2950.0,,,2950.0,0.0,0,0,0
9/21/2023,2950.0,,,2950.0,0.0,0,0,0
9/20/2023,2950.0,,,2950.0,0.0,0,0,0
9/19/2023,2950.0,,,2950.0,0.0,0,0,0
9/18/2023,2950.0,,,2950.0,0.0,0,0,0
9/15/2023,2950.0,,,2950.0,0.0,0,0,0
9/14/2023,2950.0,2950.0,2950.0,2950.0,-2.96,55,162250,162250
9/13/2023,3040.0,,,3040.0,0.0,0,0,0
9/12/2023,3040.0,,,3040.0,0.0,0,0,0
9/11/2023,3040.0,,,3040.0,0.0,0,0,0
9/7/2023,3040.0,,,3040.0,0.0,0,0,0
9/6/2023,3040.0,,,3040.0,0.0,0,0,0
9/5/2023,3040.0,,,3040.0,0.0,0,0,0
9/4/2023,3040.0,,,3040.0,0.0,0,0,0
9/1/2023,3040.0,,,3040.0,0.0,0,0,0
8/31/2023,3040.0,,,3040.0,0.0,0,0,0
8/30/2023,3040.0,,,3040.0,0.0,0,0,0
8/29/2023,3040.0,,,3040.0,0.0,0,0,0
8/25/2023,3040.0,,,3040.0,0.0,0,0,0
8/24/2023,3040.0,,,3040.0,0.0,0,0,0
8/23/2023,3040.0,,,3040.0,0.0,0,0,0
8/22/2023,3040.0,,,3040.0,0.0,0,0,0
8/21/2023,3040.0,,,3040.0,0.0,0,0,0
8/18/2023,3040.0,,,3040.0,0.0,0,0,0
8/17/2023,3040.0,,,3040.0,0.0,0,0,0
8/16/2023,3040.0,,,3040.0,0.0,0,0,0
8/15/2023,3040.0,,,3040.0,0.0,0,0,0
8/14/2023,3040.0,,,3040.0,0.0,0,0,0
8/11/2023,3040.0,,,3040.0,0.0,0,0,0
8/10/2023,3040.0,,,3040.0,0.0,0,0,0
8/9/2023,3040.0,,,3040.0,0.0,0,0,0
8/8/2023,3040.0,,,3040.0,0.0,0,0,0
8/7/2023,3040.0,,,3040.0,0.0,0,0,0
8/4/2023,3040.0,,,3040.0,0.0,0,0,0
8/3/2023,3040.0,,,3040.0,0.0,0,0,0
8/1/2023,3040.0,,,3040.0,0.0,0,0,0
7/31/2023,3040.0,,,3040.0,0.0,0,0,0
7/28/2023,3040.0,,,3040.0,0.0,0,0,0
7/27/2023,3040.0,,,3040.0,0.0,0,0,0
7/26/2023,3040.0,,,3040.0,0.0,0,0,0
7/25/2023,3040.0,,,3040.0,0.0,0,0,0
7/24/2023,3040.0,,,3040.0,0.0,0,0,0
7/21/2023,3040.0,3040.0,3040.0,3040.0,0.0,100,304000,304000
7/20/2023,3040.0,,,3040.0,0.0,0,0,0
7/19/2023,3040.0,,,3040.0,0.0,0,0,0
7/18/2023,3040.0,,,3040.0,0.0,0,0,0
7/17/2023,3040.0,,,3040.0,0.0,0,0,0
7/14/2023,3040.0,,,3040.0,0.0,0,0,0
7/13/2023,3040.0,,,3040.0,0.0,0,0,0
7/12/2023,3040.0,,,3040.0,0.0,0,0,0
7/11/2023,3040.0,,,3040.0,0.0,0,0,0
7/10/2023,3040.0,,,3040.0,0.0,0,0,0
7/7/2023,3040.0,,,3040.0,0.0,0,0,0
7/6/2023,3040.0,,,3040.0,0.0,0,0,0
7/5/2023,3040.0,,,3040.0,0.0,0,0,0
7/4/2023,3040.0,3040.0,3040.0,3040.0,1.77,200,608000,608000
7/3/2023,2987.0,,,2987.0,0.0,0,0,0
6/30/2023,2987.0,,,2987.0,0.0,0,0,0
6/29/2023,2987.0,,,2987.0,0.0,0,0,0
6/28/2023,2987.0,,,2987.0,0.0,0,0,0
6/27/2023,2987.0,,,2987.0,0.0,0,0,0
6/26/2023,2987.0,,,2987.0,0.0,0,0,0
6/23/2023,2987.0,,,2987.0,0.0,0,0,0
6/22/2023,2987.0,,,2987.0,0.0,0,0,0
6/21/2023,2987.0,,,2987.0,0.0,0,0,0
6/20/2023,2987.0,,,2987.0,0.0,0,0,0
6/19/2023,2987.0,,,2987.0,0.0,0,0,0
6/16/2023,2987.0,,,2987.0,0.0,0,0,0
6/15/2023,2987.0,,,2987.0,0.0,0,0,0
6/14/2023,2987.0,,,2987.0,0.0,0,0,0
6/13/2023,2987.0,,,2987.0,0.0,0,0,0
6/12/2023,2987.0,,,2987.0,0.0,0,0,0
6/9/2023,2987.0,,,2987.0,0.0,0,0,0
6/8/2023,2987.0,,,2987.0,0.0,0,0,0
6/7/2023,2987.0,,,2987.0,0.0,0,0,0
6/6/2023,2987.0,2987.0,2987.0,2987.0,0.0,14,41818,41818
6/5/2023,2987.0,,,2987.0,0.0,0,0,0
6/1/2023,2987.0,,,2987.0,0.0,0,0,0
5/31/2023,2987.0,,,2987.0,0.0,0,0,0
5/30/2023,2987.0,,,2987.0,0.0,0,0,0
5/29/2023,2987.0,,,2987.0,0.0,0,0,0
5/26/2023,2987.0,,,2987.0,0.0,0,0,0
5/25/2023,2987.0,,,2987.0,0.0,0,0,0
5/23/2023,2987.0,,,2987.0,0.0,0,0,0
5/22/2023,2987.0,,,2987.0,0.0,0,0,0
5/19/2023,2987.0,,,2987.0,0.0,0,0,0
5/18/2023,2987.0,,,2987.0,0.0,0,0,0
5/17/2023,2987.0,,,2987.0,0.0,0,0,0
5/16/2023,2987.0,,,2987.0,0.0,0,0,0
5/15/2023,2987.0,,,2987.0,0.0,0,0,0
5/12/2023,2987.0,,,2987.0,0.0,0,0,0
5/11/2023,2987.0,,,2987.0,0.0,0,0,0
5/10/2023,2987.0,,,2987.0,0.0,0,0,0
5/9/2023,2987.0,,,2987.0,0.0,0,0,0
5/8/2023,2987.0,,,2987.0,0.0,0,0,0
5/5/2023,2987.0,,,2987.0,0.0,0,0,0
5/4/2023,2987.0,2987.0,2987.0,2987.0,0.0,158,471946,471946
5/3/2023,2987.0,,,2987.0,0.0,0,0,0
5/2/2023,2987.0,,,2987.0,0.0,0,0,0
4/28/2023,2987.0,,,2987.0,0.0,0,0,0
4/27/2023,2987.0,,,2987.0,0.0,0,0,0
4/26/2023,2987.0,,,2987.0,0.0,0,0,0
4/25/2023,2987.0,2987.0,2987.0,2987.0,3.0,158,471946,471946
4/24/2023,2900.0,,,2900.0,0.0,0,0,0
4/20/2023,2900.0,,,2900.0,0.0,0,0,0
4/19/2023,2900.0,,,2900.0,0.0,0,0,0
4/18/2023,2900.0,,,2900.0,0.0,0,0,0
4/13/2023,2900.0,,,2900.0,0.0,0,0,0
4/12/2023,2900.0,,,2900.0,0.0,0,0,0
4/11/2023,2900.0,,,2900.0,0.0,0,0,0
4/10/2023,2900.0,,,2900.0,0.0,0,0,0
4/7/2023,2900.0,,,2900.0,0.0,0,0,0
4/6/2023,2900.0,,,2900.0,0.0,0,0,0
4/5/2023,2900.0,,,2900.0,0.0,0,0,0
4/4/2023,2900.0,,,2900.0,0.0,0,0,0
4/3/2023,2900.0,,,2900.0,0.0,0,0,0
3/31/2023,2900.0,,,2900.0,0.0,0,0,0
3/30/2023,2900.0,,,2900.0,0.0,0,0,0
3/29/2023,2900.0,,,2900.0,0.0,0,0,0
3/28/2023,2900.0,,,2900.0,0.0,0,0,0
3/27/2023,2900.0,,,2900.0,0.0,0,0,0
3/24/2023,2900.0,,,2900.0,0.0,0,0,0
3/23/2023,2900.0,,,2900.0,0.0,0,0,0
3/22/2023,2900.0,,,2900.0,0.0,0,0,0
3/21/2023,2900.0,,,2900.0,0.0,0,0,0
3/20/2023,2900.0,,,2900.0,0.0,0,0,0
3/17/2023,2900.0,,,2900.0,0.0,0,0,0
3/16/2023,2900.0,,,2900.0,0.0,0,0,0
3/15/2023,2900.0,,,2900.0,0.0,0,0,0
3/14/2023,2900.0,,,2900.0,0.0,0,0,0
3/13/2023,2900.0,,,2900.0,0.0,0,0,0
3/10/2023,2900.0,,,2900.0,0.0,0,0,0
3/9/2023,2900.0,,,2900.0,0.0,0,0,0
3/8/2023,2900.0,,,2900.0,0.0,0,0,0
3/7/2023,2900.0,,,2900.0,0.0,0,0,0
3/6/2023,2900.0,,,2900.0,0.0,0,0,0
3/3/2023,2900.0,,,2900.0,0.0,0,0,0
3/2/2023,2900.0,2900.0,2900.0,2900.0,1.26,100,290000,290000
3/1/2023,2864.0,,,2864.0,0.0,0,0,0
2/28/2023,2864.0,,,2864.0,0.0,0,0,0
2/27/2023,2864.0,,,2864.0,0.0,0,0,0
2/24/2023,2864.0,,,2864.0,0.0,0,0,0
2/23/2023,2864.0,,,2864.0,0.0,0,0,0
2/22/2023,2864.0,,,2864.0,0.0,0,0,0
2/21/2023,2864.0,,,2864.0,0.0,0,0,0
2/20/2023,2864.0,,,2864.0,0.0,0,0,0
2/17/2023,2864.0,,,2864.0,0.0,0,0,0
2/16/2023,2864.0,,,2864.0,0.0,0,0,0
2/15/2023,2864.0,,,2864.0,0.0,0,0,0
2/14/2023,2864.0,,,2864.0,0.0,0,0,0
2/13/2023,2864.0,,,2864.0,0.0,0,0,0
2/10/2023,2864.0,,,2864.0,0.0,0,0,0
2/9/2023,2864.0,,,2864.0,0.0,0,0,0
2/8/2023,2864.0,,,2864.0,0.0,0,0,0
2/7/2023,2864.0,,,2864.0,0.0,0,0,0
2/6/2023,2864.0,2864.0,2864.0,2864.0,0.0,105,300720,300720
2/3/2023,2864.0,,,2864.0,0.0,0,0,0
2/2/2023,2864.0,,,2864.0,0.0,0,0,0
2/1/2023,2864.0,,,2864.0,0.0,0,0,0
1/31/2023,2864.0,,,2864.0,0.0,0,0,0
1/30/2023,2864.0,,,2864.0,0.0,0,0,0
1/27/2023,2864.0,,,2864.0,0.0,0,0,0
1/26/2023,2864.0,,,2864.0,0.0,0,0,0
1/25/2023,2864.0,2864.0,2864.0,2864.0,2.98,117,335088,335088
1/24/2023,2781.0,,,2781.0,0.0,0,0,0
1/23/2023,2781.0,,,2781.0,0.0,0,0,0
1/20/2023,2781.0,,,2781.0,0.0,0,0,0
1/18/2023,2781.0,,,2781.0,0.0,0,0,0
1/17/2023,2781.0,,,2781.0,0.0,0,0,0
1/16/2023,2781.0,2781.0,2781.0,2781.0,3.0,25,69525,69525
1/13/2023,2700.0,,,2700.0,0.0,0,0,0
1/12/2023,2700.0,,,2700.0,0.0,0,0,0
1/11/2023,2700.0,,,2700.0,0.0,0,0,0
1/10/2023,2700.0,,,2700.0,0.0,0,0,0
1/9/2023,2700.0,,,2700.0,0.0,0,0,0
1/5/2023,2700.0,,,2700.0,0.0,0,0,0
1/4/2023,2700.0,,,2700.0,0.0,0,0,0
1/3/2023,2700.0,,,2700.0,0.0,0,0,0
12/29/2022,2700.0,,,2700.0,0.0,0,0,0
12/28/2022,2700.0,,,2700.0,0.0,0,0,0
12/27/2022,2700.0,,,2700.0,0.0,0,0,0
12/26/2022,2700.0,,,2700.0,0.0,0,0,0
12/23/2022,2700.0,,,2700.0,0.0,0,0,0
12/22/2022,2700.0,,,2700.0,0.0,0,0,0
12/21/2022,2700.0,,,2700.0,0.0,0,0,0
12/20/2022,2700.0,,,2700.0,0.0,0,0,0
12/19/2022,2700.0,,,2700.0,0.0,0,0,0
12/16/2022,2700.0,,,2700.0,0.0,0,0,0
12/15/2022,2700.0,,,2700.0,0.0,0,0,0
12/14/2022,2700.0,,,2700.0,0.0,0,0,0
12/13/2022,2700.0,,,2700.0,0.0,0,0,0
12/12/2022,2700.0,,,2700.0,0.0,0,0,0
12/9/2022,2700.0,,,2700.0,0.0,0,0,0
12/7/2022,2700.0,,,2700.0,0.0,0,0,0
12/6/2022,2700.0,,,2700.0,0.0,0,0,0
12/5/2022,2700.0,,,2700.0,0.0,0,0,0
12/2/2022,2700.0,,,2700.0,0.0,0,0,0
12/1/2022,2700.0,,,2700.0,0.0,0,0,0
11/30/2022,2700.0,,,2700.0,0.0,0,0,0
11/29/2022,2700.0,,,2700.0,0.0,0,0,0
11/28/2022,2700.0,,,2700.0,0.0,0,0,0
11/25/2022,2700.0,,,2700.0,0.0,0,0,0
11/24/2022,2700.0,,,2700.0,0.0,0,0,0
11/23/2022,2700.0,,,2700.0,0.0,0,0,0
11/22/2022,2700.0,,,2700.0,0.0,0,0,0
11/21/2022,2700.0,,,2700.0,0.0,0,0,0
11/18/2022,2700.0,,,2700.0,0.0,0,0,0
11/17/2022,2700.0,,,2700.0,0.0,0,0,0
11/16/2022,2700.0,,,2700.0,0.0,0,0,0
11/15/2022,2700.0,,,2700.0,0.0,0,0,0
11/14/2022,2700.0,,,2700.0,0.0,0,0,0
11/11/2022,2700.0,,,2700.0,0.0,0,0,0
11/11/2022,2700.0,,,2700.0,0.0,0,0,0
11/10/2022,2700.0,,,2700.0,0.0,0,0,0
11/9/2022,2700.0,,,2700.0,0.0,0,0,0
11/8/2022,2700.0,,,2700.0,0.0,0,0,0
11/7/2022,2700.0,,,2700.0,0.0,0,0,0
11/4/2022,2700.0,,,2700.0,0.0,0,0,0
11/3/2022,2700.0,,,2700.0,0.0,0,0,0
11/2/2022,2700.0,,,2700.0,0.0,0,0,0
11/1/2022,2700.0,,,2700.0,0.0,0,0,0
10/31/2022,2700.0,,,2700.0,0.0,0,0,0
10/28/2022,2700.0,,,2700.0,0.0,0,0,0
10/27/2022,2700.0,,,2700.0,0.0,0,0,0
10/26/2022,2700.0,,,2700.0,0.0,0,0,0
10/25/2022,2700.0,,,2700.0,0.0,0,0,0
10/21/2022,2700.0,,,2700.0,0.0,0,0,0
10/20/2022,2700.0,,,2700.0,0.0,0,0,0
10/19/2022,2700.0,,,2700.0,0.0,0,0,0
10/18/2022,2700.0,,,2700.0,0.0,0,0,0
10/17/2022,2700.0,,,2700.0,0.0,0,0,0
10/14/2022,2700.0,,,2700.0,0.0,0,0,0
10/13/2022,2700.0,,,2700.0,0.0,0,0,0
10/12/2022,2700.0,,,2700.0,0.0,0,0,0
10/10/2022,2700.0,,,2700.0,0.0,0,0,0
10/7/2022,2700.0,,,2700.0,0.0,0,0,0
10/6/2022,2700.0,,,2700.0,0.0,0,0,0
10/5/2022,2700.0,,,2700.0,0.0,0,0,0
10/4/2022,2700.0,,,2700.0,0.0,0,0,0
10/3/2022,2700.0,,,2700.0,0.0,0,0,0
9/30/2022,2700.0,,,2700.0,0.0,0,0,0
9/29/2022,2700.0,,,2700.0,0.0,0,0,0
9/28/2022,2700.0,,,2700.0,0.0,0,0,0
9/27/2022,2700.0,,,2700.0,0.0,0,0,0
9/26/2022,2700.0,,,2700.0,0.0,0,0,0
9/23/2022,2700.0,,,2700.0,0.0,0,0,0
9/22/2022,2700.0,,,2700.0,0.0,0,0,0
9/21/2022,2700.0,,,2700.0,0.0,0,0,0
9/20/2022,2700.0,,,2700.0,0.0,0,0,0
9/19/2022,2700.0,,,2700.0,0.0,0,0,0
9/16/2022,2700.0,,,2700.0,0.0,0,0,0
9/15/2022,2700.0,,,2700.0,0.0,0,0,0
9/14/2022,2700.0,,,2700.0,0.0,0,0,0
9/13/2022,2700.0,,,2700.0,0.0,0,0,0
9/12/2022,2700.0,,,2700.0,0.0,0,0,0
9/9/2022,2700.0,,,2700.0,0.0,0,0,0
9/7/2022,2700.0,,,2700.0,0.0,0,0,0
9/6/2022,2700.0,,,2700.0,0.0,0,0,0
9/5/2022,2700.0,,,2700.0,0.0,0,0,0
9/2/2022,2700.0,,,2700.0,0.0,0,0,0
9/1/2022,2700.0,,,2700.0,0.0,0,0,0
8/31/2022,2700.0,,,2700.0,0.0,0,0,0
8/30/2022,2700.0,,,2700.0,0.0,0,0,0
8/29/2022,2700.0,,,2700.0,0.0,0,0,0
8/26/2022,2700.0,,,2700.0,0.0,0,0,0
8/25/2022,2700.0,2700.0,2700.0,2700.0,8.0,60,162000,162000
8/24/2022,2500.0,,,2500.0,0.0,0,0,0
8/23/2022,2500.0,,,2500.0,0.0,0,0,0
8/22/2022,2500.0,,,2500.0,0.0,0,0,0
8/19/2022,2500.0,,,2500.0,0.0,0,0,0
8/18/2022,2500.0,,,2500.0,0.0,0,0,0
8/17/2022,2500.0,,,2500.0,0.0,0,0,0
8/16/2022,2500.0,,,2500.0,0.0,0,0,0
8/15/2022,2500.0,,,2500.0,0.0,0,0,0
8/12/2022,2500.0,,,2500.0,0.0,0,0,0
8/11/2022,2500.0,,,2500.0,0.0,0,0,0
8/10/2022,2500.0,,,2500.0,0.0,0,0,0
8/9/2022,2500.0,,,2500.0,0.0,0,0,0
8/8/2022,2500.0,,,2500.0,0.0,0,0,0
8/5/2022,2500.0,,,2500.0,0.0,0,0,0
8/4/2022,2500.0,,,2500.0,0.0,0,0,0
8/3/2022,2500.0,,,2500.0,0.0,0,0,0
8/1/2022,2500.0,,,2500.0,0.0,0,0,0
7/29/2022,2500.0,,,2500.0,0.0,0,0,0
7/28/2022,2500.0,,,2500.0,0.0,0,0,0
7/27/2022,2500.0,,,2500.0,0.0,0,0,0
7/26/2022,2500.0,,,2500.0,0.0,0,0,0
7/25/2022,2500.0,,,2500.0,0.0,0,0,0
7/22/2022,2500.0,,,2500.0,0.0,0,0,0
7/21/2022,2500.0,,,2500.0,0.0,0,0,0
7/20/2022,2500.0,,,2500.0,0.0,0,0,0
7/19/2022,2500.0,,,2500.0,0.0,0,0,0
7/18/2022,2500.0,,,2500.0,0.0,0,0,0
7/15/2022,2500.0,,,2500.0,0.0,0,0,0
7/14/2022,2500.0,,,2500.0,0.0,0,0,0
7/13/2022,2500.0,,,2500.0,0.0,0,0,0
7/12/2022,2500.0,,,2500.0,0.0,0,0,0
7/11/2022,2500.0,,,2500.0,0.0,0,0,0
7/8/2022,2500.0,,,2500.0,0.0,0,0,0
7/7/2022,2500.0,,,2500.0,0.0,0,0,0
7/6/2022,2500.0,,,2500.0,0.0,0,0,0
7/5/2022,2500.0,,,2500.0,0.0,0,0,0
7/4/2022,2500.0,,,2500.0,0.0,0,0,0
7/1/2022,2500.0,,,2500.0,0.0,0,0,0
6/30/2022,2500.0,,,2500.0,0.0,0,0,0
6/29/2022,2500.0,,,2500.0,0.0,0,0,0
6/28/2022,2500.0,,,2500.0,0.0,0,0,0
6/27/2022,2500.0,,,2500.0,0.0,0,0,0
6/24/2022,2500.0,,,2500.0,0.0,0,0,0
6/23/2022,2500.0,,,2500.0,0.0,0,0,0
6/22/2022,2500.0,,,2500.0,0.0,0,0,0
6/21/2022,2500.0,,,2500.0,0.0,0,0,0
6/20/2022,2500.0,,,2500.0,0.0,0,0,0
6/17/2022,2500.0,,,2500.0,0.0,0,0,0
6/16/2022,2500.0,,,2500.0,0.0,0,0,0
6/15/2022,2500.0,,,2500.0,0.0,0,0,0
6/14/2022,2500.0,,,2500.0,0.0,0,0,0
6/13/2022,2500.0,,,2500.0,0.0,0,0,0
6/9/2022,2500.0,,,2500.0,0.0,0,0,0
6/8/2022,2500.0,,,2500.0,0.0,0,0,0
6/7/2022,2500.0,,,2500.0,0.0,0,0,0
6/6/2022,2500.0,,,2500.0,0.0,0,0,0
6/3/2022,2500.0,,,2500.0,0.0,0,0,0
6/2/2022,2500.0,,,2500.0,0.0,0,0,0
6/1/2022,2500.0,2500.0,2500.0,2500.0,0.0,121,302500,302500
5/31/2022,2500.0,,,2500.0,0.0,0,0,0
5/30/2022,2500.0,,,2500.0,0.0,0,0,0
5/27/2022,2500.0,,,2500.0,0.0,0,0,0
5/26/2022,2500.0,,,2500.0,0.0,0,0,0
5/25/2022,2500.0,,,2500.0,0.0,0,0,0
5/23/2022,2500.0,,,2500.0,0.0,0,0,0
5/20/2022,2500.0,,,2500.0,0.0,0,0,0
5/19/2022,2500.0,,,2500.0,0.0,0,0,0
5/18/2022,2500.0,,,2500.0,0.0,0,0,0
5/17/2022,2500.0,,,2500.0,0.0,0,0,0
5/16/2022,2500.0,,,2500.0,0.0,0,0,0
5/13/2022,2500.0,,,2500.0,0.0,0,0,0
5/12/2022,2500.0,,,2500.0,0.0,0,0,0
5/11/2022,2500.0,,,2500.0,0.0,0,0,0
5/10/2022,2500.0,,,2500.0,0.0,0,0,0
5/9/2022,2500.0,,,2500.0,0.0,0,0,0
5/6/2022,2500.0,,,2500.0,0.0,0,0,0
5/5/2022,2500.0,,,2500.0,0.0,0,0,0
5/4/2022,2500.0,,,2500.0,0.0,0,0,0
5/3/2022,2500.0,,,2500.0,0.0,0,0,0
4/29/2022,2500.0,,,2500.0,0.0,0,0,0
4/28/2022,2500.0,,,2500.0,0.0,0,0,0
4/27/2022,2500.0,,,2500.0,0.0,0,0,0
4/26/2022,2500.0,,,2500.0,0.0,0,0,0
4/21/2022,2500.0,,,2500.0,0.0,0,0,0
4/20/2022,2500.0,,,2500.0,0.0,0,0,0
4/19/2022,2500.0,,,2500.0,0.0,0,0,0
4/18/2022,2500.0,,,2500.0,0.0,0,0,0
4/15/2022,2500.0,2500.0,2500.0,2500.0,-7.41,3,7500,7500
4/14/2022,2700.0,,,2700.0,0.0,0,0,0
4/13/2022,2700.0,,,2700.0,0.0,0,0,0
4/12/2022,2700.0,,,2700.0,0.0,0,0,0
4/11/2022,2700.0,,,2700.0,0.0,0,0,0
4/8/2022,2700.0,,,2700.0,0.0,0,0,0
4/7/2022,2700.0,,,2700.0,0.0,0,0,0
4/6/2022,2700.0,,,2700.0,0.0,0,0,0
4/5/2022,2700.0,,,2700.0,0.0,0,0,0
4/4/2022,2700.0,,,2700.0,0.0,0,0,0
4/1/2022,2700.0,,,2700.0,0.0,0,0,0
3/31/2022,2700.0,,,2700.0,0.0,0,0,0
3/30/2022,2700.0,,,2700.0,0.0,0,0,0
3/29/2022,2700.0,,,2700.0,0.0,0,0,0
3/28/2022,2700.0,,,2700.0,0.0,0,0,0
3/25/2022,2700.0,,,2700.0,0.0,0,0,0
3/24/2022,2700.0,,,2700.0,0.0,0,0,0
3/23/2022,2700.0,,,2700.0,0.0,0,0,0
3/22/2022,2700.0,,,2700.0,0.0,0,0,0
3/21/2022,2700.0,,,2700.0,0.0,0,0,0
3/18/2022,2700.0,,,2700.0,0.0,0,0,0
3/17/2022,2700.0,,,2700.0,0.0,0,0,0
3/16/2022,2700.0,,,2700.0,0.0,0,0,0
3/15/2022,2700.0,,,2700.0,0.0,0,0,0
3/14/2022,2700.0,,,2700.0,0.0,0,0,0
3/11/2022,2700.0,,,2700.0,0.0,0,0,0
3/10/2022,2700.0,,,2700.0,0.0,0,0,0
3/9/2022,2700.0,,,2700.0,0.0,0,0,0
3/8/2022,2700.0,,,2700.0,0.0,0,0,0
3/7/2022,2700.0,,,2700.0,0.0,0,0,0
3/4/2022,2700.0,,,2700.0,0.0,0,0,0
3/3/2022,2700.0,,,2700.0,0.0,0,0,0
3/2/2022,2700.0,,,2700.0,0.0,0,0,0
3/1/2022,2700.0,,,2700.0,0.0,0,0,0
2/28/2022,2700.0,,,2700.0,0.0,0,0,0
2/25/2022,2700.0,,,2700.0,0.0,0,0,0
2/24/2022,2700.0,,,2700.0,0.0,0,0,0
2/23/2022,2700.0,,,2700.0,0.0,0,0,0
2/22/2022,2700.0,,,2700.0,0.0,0,0,0
2/21/2022,2700.0,,,2700.0,0.0,0,0,0
2/18/2022,2700.0,,,2700.0,0.0,0,0,0
2/17/2022,2700.0,,,2700.0,0.0,0,0,0
2/16/2022,2700.0,,,2700.0,0.0,0,0,0
2/15/2022,2700.0,,,2700.0,0.0,0,0,0
2/14/2022,2700.0,,,2700.0,0.0,0,0,0
2/11/2022,2700.0,,,2700.0,0.0,0,0,0
2/10/2022,2700.0,,,2700.0,0.0,0,0,0
2/9/2022,2700.0,2700.0,2700.0,2700.0,0.0,250,675000,675000
2/8/2022,2700.0,2700.0,2700.0,2700.0,10.2,1025,2767500,2767500
2/7/2022,2450.0,,,2450.0,0.0,0,0,0
2/4/2022,2450.0,,,2450.0,0.0,0,0,0
2/3/2022,2450.0,2450.0,2450.0,2450.0,-2.27,141,345450,345450
2/2/2022,2507.0,,,2507.0,0.0,0,0,0
2/1/2022,2507.0,,,2507.0,0.0,0,0,0
1/31/2022,2507.0,,,2507.0,0.0,0,0,0
1/28/2022,2507.0,,,2507.0,0.0,0,0,0
1/27/2022,2507.0,,,2507.0,0.0,0,0,0
1/26/2022,2507.0,,,2507.0,0.0,0,0,0
1/25/2022,2507.0,,,2507.0,0.0,0,0,0
1/24/2022,2507.0,,,2507.0,0.0,0,0,0
1/21/2022,2507.0,,,2507.0,0.0,0,0,0
1/20/2022,2507.0,,,2507.0,0.0,0,0,0
1/18/2022,2507.0,,,2507.0,0.0,0,0,0
1/17/2022,2507.0,,,2507.0,0.0,0,0,0
1/14/2022,2507.0,,,2507.0,0.0,0,0,0
1/13/2022,2507.0,,,2507.0,0.0,0,0,0
1/12/2022,2507.0,,,2507.0,0.0,0,0,0
1/11/2022,2507.0,,,2507.0,0.0,0,0,0
1/10/2022,2507.0,,,2507.0,0.0,0,0,0
1/5/2022,2507.0,,,2507.0,0.0,0,0,0
1/4/2022,2507.0,,,2507.0,0.0,0,0,0
1/3/2022,2507.0,,,2507.0,0.0,0,0,0
12/30/2021,2507.0,,,2507.0,0.0,0,0,0
12/29/2021,2507.0,,,2507.0,0.0,0,0,0
12/28/2021,2507.0,,,2507.0,0.0,0,0,0
12/27/2021,2507.0,,,2507.0,0.0,0,0,0
12/24/2021,2507.0,,,2507.0,0.0,0,0,0
12/23/2021,2507.0,,,2507.0,0.0,0,0,0
12/22/2021,2507.0,,,2507.0,0.0,0,0,0
12/21/2021,2507.0,,,2507.0,0.0,0,0,0
12/20/2021,2507.0,,,2507.0,0.0,0,0,0
12/17/2021,2507.0,,,2507.0,0.0,0,0,0
12/16/2021,2507.0,,,2507.0,0.0,0,0,0
12/15/2021,2507.0,,,2507.0,0.0,0,0,0
12/14/2021,2507.0,,,2507.0,0.0,0,0,0
12/13/2021,2507.0,,,2507.0,0.0,0,0,0
12/10/2021,2507.0,,,2507.0,0.0,0,0,0
12/9/2021,2507.0,,,2507.0,0.0,0,0,0
12/7/2021,2507.0,,,2507.0,0.0,0,0,0
12/6/2021,2507.0,,,2507.0,0.0,0,0,0
12/3/2021,2507.0,,,2507.0,0.0,0,0,0
12/2/2021,2507.0,,,2507.0,0.0,0,0,0
12/1/2021,2507.0,,,2507.0,0.0,0,0,0
11/30/2021,2507.0,,,2507.0,0.0,0,0,0
11/29/2021,2507.0,,,2507.0,0.0,0,0,0
11/26/2021,2507.0,,,2507.0,0.0,0,0,0
11/25/2021,2507.0,,,2507.0,0.0,0,0,0
11/24/2021,2507.0,,,2507.0,0.0,0,0,0
11/23/2021,2507.0,,,2507.0,0.0,0,0,0
11/22/2021,2507.0,,,2507.0,0.0,0,0,0
11/19/2021,2507.0,,,2507.0,0.0,0,0,0
11/18/2021,2507.0,,,2507.0,0.0,0,0,0
11/17/2021,2507.0,,,2507.0,0.0,0,0,0
11/16/2021,2507.0,,,2507.0,0.0,0,0,0
11/15/2021,2507.0,,,2507.0,0.0,0,0,0
11/12/2021,2507.0,,,2507.0,0.0,0,0,0
11/11/2021,2507.0,,,2507.0,0.0,0,0,0
11/11/2021,2507.0,,,2507.0,0.0,0,0,0
11/10/2021,2507.0,,,2507.0,0.0,0,0,0
11/9/2021,2507.0,2507.0,2507.0,2507.0,0.0,20,50140,50140
11/8/2021,2507.0,,,2507.0,0.0,0,0,0
11/5/2021,2507.0,,,2507.0,0.0,0,0,0
11/4/2021,2507.0,,,2507.0,0.0,0,0,0
11/3/2021,2507.0,2507.0,2507.0,2507.0,0.28,100,250700,250700
11/2/2021,2500.0,,,2500.0,0.0,0,0,0
11/1/2021,2500.0,,,2500.0,0.0,0,0,0
10/29/2021,2500.0,,,2500.0,0.0,0,0,0
10/28/2021,2500.0,,,2500.0,0.0,0,0,0
10/27/2021,2500.0,,,2500.0,0.0,0,0,0
10/26/2021,2500.0,,,2500.0,0.0,0,0,0
10/25/2021,2500.0,,,2500.0,0.0,0,0,0
10/22/2021,2500.0,,,2500.0,0.0,0,0,0
10/21/2021,2500.0,,,2500.0,0.0,0,0,0
10/20/2021,2500.0,,,2500.0,0.0,0,0,0
10/19/2021,2500.0,,,2500.0,0.0,0,0,0
10/18/2021,2500.0,,,2500.0,0.0,0,0,0
10/15/2021,2500.0,,,2500.0,0.0,0,0,0
10/14/2021,2500.0,,,2500.0,0.0,0,0,0
10/13/2021,2500.0,,,2500.0,0.0,0,0,0
10/12/2021,2500.0,,,2500.0,0.0,0,0,0
10/8/2021,2500.0,,,2500.0,0.0,0,0,0
10/7/2021,2500.0,,,2500.0,0.0,0,0,0
10/6/2021,2500.0,,,2500.0,0.0,0,0,0
10/5/2021,2500.0,,,2500.0,0.0,0,0,0
10/4/2021,2500.0,,,2500.0,0.0,0,0,0
10/1/2021,2500.0,,,2500.0,0.0,0,0,0
9/30/2021,2500.0,,,2500.0,0.0,0,0,0
9/29/2021,2500.0,,,2500.0,0.0,0,0,0
9/28/2021,2500.0,,,2500.0,0.0,0,0,0
9/27/2021,2500.0,,,2500.0,0.0,0,0,0
9/24/2021,2500.0,,,2500.0,0.0,0,0,0
9/23/2021,2500.0,,,2500.0,0.0,0,0,0
9/22/2021,2500.0,,,2500.0,0.0,0,0,0
9/21/2021,2500.0,,,2500.0,0.0,0,0,0
9/20/2021,2500.0,,,2500.0,0.0,0,0,0
9/17/2021,2500.0,,,2500.0,0.0,0,0,0
9/16/2021,2500.0,,,2500.0,0.0,0,0,0
9/15/2021,2500.0,,,2500.0,0.0,0,0,0
9/14/2021,2500.0,,,2500.0,0.0,0,0,0
9/13/2021,2500.0,,,2500.0,0.0,0,0,0
9/10/2021,2500.0,,,2500.0,0.0,0,0,0
9/9/2021,2500.0,,,2500.0,0.0,0,0,0
9/7/2021,2500.0,,,2500.0,0.0,0,0,0
9/6/2021,2500.0,,,2500.0,0.0,0,0,0
9/3/2021,2500.0,,,2500.0,0.0,0,0,0
9/2/2021,2500.0,,,2500.0,0.0,0,0,0
9/1/2021,2500.0,,,2500.0,0.0,0,0,0
8/31/2021,2500.0,,,2500.0,0.0,0,0,0
8/30/2021,2500.0,,,2500.0,0.0,0,0,0
8/27/2021,2500.0,,,2500.0,0.0,0,0,0
8/26/2021,2500.0,,,2500.0,0.0,0,0,0
8/25/2021,2500.0,,,2500.0,0.0,0,0,0
8/24/2021,2500.0,,,2500.0,0.0,0,0,0
8/23/2021,2500.0,,,2500.0,0.0,0,0,0
8/20/2021,2500.0,,,2500.0,0.0,0,0,0
8/19/2021,2500.0,,,2500.0,0.0,0,0,0
8/18/2021,2500.0,,,2500.0,0.0,0,0,0
8/17/2021,2500.0,,,2500.0,0.0,0,0,0
8/16/2021,2500.0,,,2500.0,0.0,0,0,0
8/13/2021,2500.0,,,2500.0,0.0,0,0,0
8/12/2021,2500.0,,,2500.0,0.0,0,0,0
8/11/2021,2500.0,,,2500.0,0.0,0,0,0
8/10/2021,2500.0,,,2500.0,0.0,0,0,0
8/9/2021,2500.0,,,2500.0,0.0,0,0,0
8/6/2021,2500.0,,,2500.0,0.0,0,0,0
8/5/2021,2500.0,,,2500.0,0.0,0,0,0
8/4/2021,2500.0,,,2500.0,0.0,0,0,0
8/3/2021,2500.0,,,2500.0,0.0,0,0,0
7/30/2021,2500.0,,,2500.0,0.0,0,0,0
7/29/2021,2500.0,,,2500.0,0.0,0,0,0
7/28/2021,2500.0,,,2500.0,0.0,0,0,0
7/27/2021,2500.0,,,2500.0,0.0,0,0,0
7/26/2021,2500.0,,,2500.0,0.0,0,0,0
7/23/2021,2500.0,,,2500.0,0.0,0,0,0
7/22/2021,2500.0,,,2500.0,0.0,0,0,0
7/21/2021,2500.0,,,2500.0,0.0,0,0,0
7/20/2021,2500.0,,,2500.0,0.0,0,0,0
7/19/2021,2500.0,,,2500.0,0.0,0,0,0
7/16/2021,2500.0,,,2500.0,0.0,0,0,0
7/15/2021,2500.0,,,2500.0,0.0,0,0,0
7/14/2021,2500.0,,,2500.0,0.0,0,0,0
7/13/2021,2500.0,2500.0,2500.0,2500.0,0.0,50,125000,125000
7/12/2021,2500.0,,,2500.0,0.0,0,0,0
7/9/2021,2500.0,,,2500.0,0.0,0,0,0
7/8/2021,2500.0,,,2500.0,0.0,0,0,0
7/7/2021,2500.0,,,2500.0,0.0,0,0,0
7/6/2021,2500.0,,,2500.0,0.0,0,0,0
7/5/2021,2500.0,,,2500.0,0.0,0,0,0
7/2/2021,2500.0,,,2500.0,0.0,0,0,0
7/1/2021,2500.0,,,2500.0,0.0,0,0,0
6/30/2021,2500.0,,,2500.0,0.0,0,0,0
6/29/2021,2500.0,,,2500.0,0.0,0,0,0
6/28/2021,2500.0,,,2500.0,0.0,0,0,0
6/25/2021,2500.0,,,2500.0,0.0,0,0,0
6/24/2021,2500.0,,,2500.0,0.0,0,0,0
6/23/2021,2500.0,,,2500.0,0.0,0,0,0
6/22/2021,2500.0,,,2500.0,0.0,0,0,0
6/21/2021,2500.0,,,2500.0,0.0,0,0,0
6/17/2021,2500.0,,,2500.0,0.0,0,0,0
6/16/2021,2500.0,,,2500.0,0.0,0,0,0
6/15/2021,2500.0,,,2500.0,0.0,0,0,0
6/14/2021,2500.0,,,2500.0,0.0,0,0,0
6/11/2021,2500.0,,,2500.0,0.0,0,0,0
6/10/2021,2500.0,,,2500.0,0.0,0,0,0
6/9/2021,2500.0,,,2500.0,0.0,0,0,0
6/8/2021,2500.0,,,2500.0,0.0,0,0,0
6/7/2021,2500.0,,,2500.0,0.0,0,0,0
6/4/2021,2500.0,,,2500.0,0.0,0,0,7576800
6/3/2021,2500.0,,,2500.0,0.0,0,0,0
6/2/2021,2500.0,,,2500.0,0.0,0,0,0
6/1/2021,2500.0,,,2500.0,0.0,0,0,0
5/31/2021,2500.0,,,2500.0,0.0,0,0,0
5/28/2021,2500.0,2500.0,2500.0,2500.0,0.0,181,452500,452500
5/27/2021,2500.0,,,2500.0,0.0,0,0,0
5/26/2021,2500.0,,,2500.0,0.0,0,0,0
5/25/2021,2500.0,,,2500.0,0.0,0,0,0
5/21/2021,2500.0,,,2500.0,0.0,0,0,0
5/20/2021,2500.0,,,2500.0,0.0,0,0,0
5/19/2021,2500.0,,,2500.0,0.0,0,0,0
5/18/2021,2500.0,,,2500.0,0.0,0,0,0
5/17/2021,2500.0,2500.0,2500.0,2500.0,0.0,18,45000,45000
5/14/2021,2500.0,,,2500.0,0.0,0,0,0
5/12/2021,2500.0,,,2500.0,0.0,0,0,0
5/11/2021,2500.0,,,2500.0,0.0,0,0,0
5/10/2021,2500.0,,,2500.0,0.0,0,0,0
5/7/2021,2500.0,,,2500.0,0.0,0,0,0
5/6/2021,2500.0,,,2500.0,0.0,0,0,0
5/5/2021,2500.0,,,2500.0,0.0,0,0,0
5/4/2021,2500.0,2500.0,2500.0,2500.0,2.92,13,32500,32500
4/29/2021,2429.0,,,2429.0,0.0,0,0,0
4/28/2021,2429.0,2429.0,2429.0,2429.0,0.21,178,432362,432362
4/27/2021,2424.0,2424.0,2424.0,2424.0,4.98,335,812040,812040
4/26/2021,2309.0,,,2309.0,0.0,0,0,0
4/23/2021,2309.0,,,2309.0,0.0,0,0,0
4/22/2021,2309.0,,,2309.0,0.0,0,0,0
4/21/2021,2309.0,,,2309.0,0.0,0,0,0
4/20/2021,2309.0,,,2309.0,0.0,0,0,0
4/19/2021,2309.0,,,2309.0,0.0,0,0,0
4/16/2021,2309.0,,,2309.0,0.0,0,0,0
4/15/2021,2309.0,,,2309.0,0.0,0,0,0
4/14/2021,2309.0,,,2309.0,0.0,0,0,0
4/13/2021,2309.0,2309.0,2309.0,2309.0,0.74,85,196265,196265
4/12/2021,2292.0,,,2292.0,0.0,0,0,0
4/9/2021,2292.0,,,2292.0,0.0,0,0,0
4/8/2021,2292.0,,,2292.0,0.0,0,0,0
4/7/2021,2292.0,,,2292.0,0.0,0,0,0
4/6/2021,2292.0,,,2292.0,0.0,0,0,0
4/5/2021,2292.0,,,2292.0,0.0,0,0,0
4/2/2021,2292.0,,,2292.0,0.0,0,0,0
4/1/2021,2292.0,,,2292.0,0.0,0,0,0
3/31/2021,2292.0,,,2292.0,0.0,0,0,0
3/30/2021,2292.0,,,2292.0,0.0,0,0,0
3/29/2021,2292.0,,,2292.0,0.0,0,0,0
3/26/2021,2292.0,,,2292.0,0.0,0,0,0
3/25/2021,2292.0,,,2292.0,0.0,0,0,0
3/24/2021,2292.0,,,2292.0,0.0,0,0,0
3/23/2021,2292.0,,,2292.0,0.0,0,0,0
3/22/2021,2292.0,,,2292.0,0.0,0,0,0
3/19/2021,2292.0,2292.0,2292.0,2292.0,1.51,100,229200,229200
3/18/2021,2258.0,,,2258.0,0.0,0,0,0
3/17/2021,2258.0,,,2258.0,0.0,0,0,0
3/16/2021,2258.0,,,2258.0,0.0,0,0,0
3/15/2021,2258.0,,,2258.0,0.0,0,0,0
3/12/2021,2258.0,,,2258.0,0.0,0,0,0
3/11/2021,2258.0,,,2258.0,0.0,0,0,0
3/10/2021,2258.0,,,2258.0,0.0,0,0,0
3/9/2021,2258.0,2258.0,2258.0,2258.0,-1.83,300,677400,677400
3/8/2021,2300.0,,,2300.0,0.0,0,0,0
3/5/2021,2300.0,,,2300.0,0.0,0,0,0
3/4/2021,2300.0,,,2300.0,0.0,0,0,0
3/3/2021,2300.0,,,2300.0,0.0,0,0,0
3/2/2021,2300.0,,,2300.0,0.0,0,0,0
3/1/2021,2300.0,,,2300.0,0.0,0,0,0
2/26/2021,2300.0,,,2300.0,0.0,0,0,0
2/25/2021,2300.0,,,2300.0,0.0,0,0,0
2/24/2021,2300.0,,,2300.0,0.0,0,0,0
2/23/2021,2300.0,,,2300.0,0.0,0,0,0
2/22/2021,2300.0,2300.0,2300.0,2300.0,0.0,90,207000,207000
2/19/2021,2300.0,,,2300.0,0.0,0,0,0
2/18/2021,2300.0,,,2300.0,0.0,0,0,0
2/17/2021,2300.0,,,2300.0,0.0,0,0,0
2/16/2021,2300.0,,,2300.0,0.0,0,0,0
2/15/2021,2300.0,,,2300.0,0.0,0,0,0
2/12/2021,2300.0,,,2300.0,0.0,0,0,0
2/11/2021,2300.0,,,2300.0,0.0,0,0,0
2/10/2021,2300.0,,,2300.0,0.0,0,0,0
2/9/2021,2300.0,,,2300.0,0.0,0,0,0
2/8/2021,2300.0,,,2300.0,0.0,0,0,0
2/5/2021,2300.0,,,2300.0,0.0,0,0,0
2/4/2021,2300.0,,,2300.0,0.0,0,0,0
2/3/2021,2300.0,2300.0,2300.0,2300.0,4.55,125,287500,287500
2/2/2021,2200.0,,,2200.0,0.0,0,0,0
2/1/2021,2200.0,,,2200.0,0.0,0,0,0
1/29/2021,2200.0,,,2200.0,0.0,0,0,0
1/28/2021,2200.0,2200.0,2200.0,2200.0,1.85,33,72600,72600
1/27/2021,2160.0,,,2160.0,0.0,0,0,0
1/26/2021,2160.0,,,2160.0,0.0,0,0,0
1/25/2021,2160.0,,,2160.0,0.0,0,0,0
1/22/2021,2160.0,,,2160.0,0.0,0,0,0
1/21/2021,2160.0,,,2160.0,0.0,0,0,0
1/20/2021,2160.0,,,2160.0,0.0,0,0,0
1/18/2021,2160.0,,,2160.0,0.0,0,0,0
1/15/2021,2160.0,,,2160.0,0.0,0,0,0
1/14/2021,2160.0,,,2160.0,0.0,0,0,0
1/13/2021,2160.0,,,2160.0,0.0,0,0,0
1/12/2021,2160.0,,,2160.0,0.0,0,0,0
1/11/2021,2160.0,,,2160.0,0.0,0,0,0
1/8/2021,2160.0,,,2160.0,0.0,0,0,0
1/5/2021,2160.0,,,2160.0,0.0,0,0,0
1/4/2021,2160.0,,,2160.0,0.0,0,0,0
12/30/2020,2160.0,,,2160.0,0.0,0,0,0
12/29/2020,2160.0,,,2160.0,0.0,0,0,0
12/28/2020,2160.0,,,2160.0,0.0,0,0,0
12/25/2020,2160.0,,,2160.0,0.0,0,0,0
12/24/2020,2160.0,,,2160.0,0.0,0,0,0
12/23/2020,2160.0,,,2160.0,0.0,0,0,0
12/22/2020,2160.0,,,2160.0,0.0,0,0,0
12/21/2020,2160.0,,,2160.0,0.0,0,0,0
12/18/2020,2160.0,,,2160.0,0.0,0,0,0
12/17/2020,2160.0,,,2160.0,0.0,0,0,0
12/16/2020,2160.0,,,2160.0,0.0,0,0,0
12/15/2020,2160.0,,,2160.0,0.0,0,0,0
12/14/2020,2160.0,,,2160.0,0.0,0,0,0
12/11/2020,2160.0,,,2160.0,0.0,0,0,0
12/10/2020,2160.0,,,2160.0,0.0,0,0,0
12/9/2020,2160.0,,,2160.0,0.0,0,0,0
12/7/2020,2160.0,,,2160.0,0.0,0,0,0
12/4/2020,2160.0,,,2160.0,0.0,0,0,0
12/3/2020,2160.0,,,2160.0,0.0,0,0,0
12/2/2020,2160.0,,,2160.0,0.0,0,0,0
12/1/2020,2160.0,,,2160.0,0.0,0,0,0
11/30/2020,2160.0,,,2160.0,0.0,0,0,0
11/27/2020,2160.0,,,2160.0,0.0,0,0,0
11/26/2020,2160.0,,,2160.0,0.0,0,0,0
11/25/2020,2160.0,,,2160.0,0.0,0,0,0
11/24/2020,2160.0,,,2160.0,0.0,0,0,0
11/23/2020,2160.0,,,2160.0,0.0,0,0,0
11/20/2020,2160.0,,,2160.0,0.0,0,0,0
11/19/2020,2160.0,,,2160.0,0.0,0,0,0
11/18/2020,2160.0,,,2160.0,0.0,0,0,0
11/17/2020,2160.0,2160.0,2160.0,2160.0,2.86,11,23760,23760
11/16/2020,2100.0,,,2100.0,0.0,0,0,0
11/13/2020,2100.0,,,2100.0,0.0,0,0,0
11/12/2020,2100.0,,,2100.0,0.0,0,0,0
11/11/2020,2100.0,,,2100.0,0.0,0,0,0
11/11/2020,2100.0,,,2100.0,0.0,0,0,0
11/10/2020,2100.0,,,2100.0,0.0,0,0,0
11/9/2020,2100.0,,,2100.0,0.0,0,0,0
11/6/2020,2100.0,,,2100.0,0.0,0,0,0
11/5/2020,2100.0,,,2100.0,0.0,0,0,0
11/4/2020,2100.0,,,2100.0,0.0,0,0,0
11/3/2020,2100.0,,,2100.0,0.0,0,0,0
11/2/2020,2100.0,,,2100.0,0.0,0,0,0
10/30/2020,2100.0,,,2100.0,0.0,0,0,0
10/29/2020,2100.0,,,2100.0,0.0,0,0,0
10/28/2020,2100.0,,,2100.0,0.0,0,0,0
10/27/2020,2100.0,,,2100.0,0.0,0,0,0
10/26/2020,2100.0,,,2100.0,0.0,0,0,0
10/22/2020,2100.0,,,2100.0,0.0,0,0,0
10/21/2020,2100.0,,,2100.0,0.0,0,0,0
10/20/2020,2100.0,,,2100.0,0.0,0,0,0
10/19/2020,2100.0,,,2100.0,0.0,0,0,0
10/16/2020,2100.0,,,2100.0,0.0,0,0,0
10/15/2020,2100.0,,,2100.0,0.0,0,0,0
10/14/2020,2100.0,,,2100.0,0.0,0,0,0
10/13/2020,2100.0,,,2100.0,0.0,0,0,0
10/9/2020,2100.0,,,2100.0,0.0,0,0,0
10/8/2020,2100.0,,,2100.0,0.0,0,0,0
10/7/2020,2100.0,,,2100.0,0.0,0,0,0
10/6/2020,2100.0,,,2100.0,0.0,0,0,0
10/5/2020,2100.0,,,2100.0,0.0,0,0,0
10/2/2020,2100.0,,,2100.0,0.0,0,0,0
10/1/2020,2100.0,,,2100.0,0.0,0,0,0
9/30/2020,2100.0,,,2100.0,0.0,0,0,0
9/29/2020,2100.0,,,2100.0,0.0,0,0,0
9/28/2020,2100.0,,,2100.0,0.0,0,0,0
9/25/2020,2100.0,,,2100.0,0.0,0,0,0
9/24/2020,2100.0,,,2100.0,0.0,0,0,0
9/23/2020,2100.0,,,2100.0,0.0,0,0,0
9/22/2020,2100.0,,,2100.0,0.0,0,0,0
9/21/2020,2100.0,,,2100.0,0.0,0,0,0
9/18/2020,2100.0,,,2100.0,0.0,0,0,0
9/17/2020,2100.0,,,2100.0,0.0,0,0,0
9/16/2020,2100.0,,,2100.0,0.0,0,0,0
9/15/2020,2100.0,,,2100.0,0.0,0,0,0
9/14/2020,2100.0,,,2100.0,0.0,0,0,0
9/11/2020,2100.0,,,2100.0,0.0,0,0,0
9/10/2020,2100.0,,,2100.0,0.0,0,0,0
9/9/2020,2100.0,,,2100.0,0.0,0,0,0
9/7/2020,2100.0,,,2100.0,0.0,0,0,0
9/4/2020,2100.0,,,2100.0,0.0,0,0,0
9/3/2020,2100.0,,,2100.0,0.0,0,0,0
9/2/2020,2100.0,,,2100.0,0.0,0,0,0
9/1/2020,2100.0,,,2100.0,0.0,0,0,0
8/31/2020,2100.0,,,2100.0,0.0,0,0,0
8/27/2020,2100.0,,,2100.0,0.0,0,0,0
8/26/2020,2100.0,,,2100.0,0.0,0,0,0
8/25/2020,2100.0,,,2100.0,0.0,0,0,0
8/24/2020,2100.0,,,2100.0,0.0,0,0,0
8/21/2020,2100.0,,,2100.0,0.0,0,0,0
8/20/2020,2100.0,,,2100.0,0.0,0,0,0
8/19/2020,2100.0,2100.0,2100.0,2100.0,-4.63,110,231000,231000
8/18/2020,2202.0,,,2202.0,0.0,0,0,0
8/17/2020,2202.0,2202.0,2202.0,2202.0,0.0,156,343512,343512
8/14/2020,2202.0,2202.0,2202.0,2202.0,9.88,298,656196,656196
8/13/2020,2004.0,2004.0,2004.0,2004.0,-8.91,5,10020,10020
8/12/2020,2200.0,,,2200.0,0.0,0,0,0
8/11/2020,2200.0,,,2200.0,0.0,0,0,0
8/10/2020,2200.0,,,2200.0,0.0,0,0,0
8/7/2020,2200.0,,,2200.0,0.0,0,0,0
8/6/2020,2200.0,,,2200.0,0.0,0,0,0
8/5/2020,2200.0,,,2200.0,0.0,0,0,0
8/4/2020,2200.0,,,2200.0,0.0,0,0,0
7/31/2020,2200.0,,,2200.0,0.0,0,0,0
7/30/2020,2200.0,,,2200.0,0.0,0,0,0
7/29/2020,2200.0,,,2200.0,0.0,0,0,0
7/28/2020,2200.0,,,2200.0,0.0,0,0,0
7/27/2020,2200.0,,,2200.0,0.0,0,0,0
7/24/2020,2200.0,,,2200.0,0.0,0,0,0
7/23/2020,2200.0,,,2200.0,0.0,0,0,0
7/22/2020,2200.0,,,2200.0,0.0,0,0,0
7/21/2020,2200.0,,,2200.0,0.0,0,0,0
7/20/2020,2200.0,,,2200.0,0.0,0,0,0
7/17/2020,2200.0,,,2200.0,0.0,0,0,0
7/16/2020,2200.0,,,2200.0,0.0,0,0,0
7/14/2020,2200.0,,,2200.0,0.0,0,0,0
7/13/2020,2200.0,,,2200.0,0.0,0,0,0
7/10/2020,2200.0,,,2200.0,0.0,0,0,0
7/9/2020,2200.0,,,2200.0,0.0,0,0,0
7/8/2020,2200.0,,,2200.0,0.0,0,0,0
7/7/2020,2200.0,,,2200.0,0.0,0,0,0
7/6/2020,2200.0,,,2200.0,0.0,0,0,0
7/3/2020,2200.0,,,2200.0,0.0,0,0,0
7/2/2020,2200.0,,,2200.0,0.0,0,0,0
7/1/2020,2200.0,,,2200.0,0.0,0,0,0
6/30/2020,2200.0,,,2200.0,0.0,0,0,0
6/29/2020,2200.0,,,2200.0,0.0,0,0,0
6/26/2020,2200.0,,,2200.0,0.0,0,0,0
6/25/2020,2200.0,,,2200.0,0.0,0,0,0
6/24/2020,2200.0,,,2200.0,0.0,0,0,0
6/23/2020,2200.0,,,2200.0,0.0,0,0,0
6/22/2020,2200.0,,,2200.0,0.0,0,0,0
6/19/2020,2200.0,,,2200.0,0.0,0,0,0
6/18/2020,2200.0,,,2200.0,0.0,0,0,0
6/17/2020,2200.0,,,2200.0,0.0,0,0,0
6/16/2020,2200.0,,,2200.0,0.0,0,0,0
6/15/2020,2200.0,2200.0,2200.0,2200.0,0.0,260,572000,572000
6/12/2020,2200.0,2200.0,2200.0,2200.0,-8.33,1998,4395600,4395600
6/11/2020,2400.0,,,2400.0,0.0,0,0,0
6/10/2020,2400.0,,,2400.0,0.0,0,0,0
6/9/2020,2400.0,,,2400.0,0.0,0,0,0
6/8/2020,2400.0,,,2400.0,0.0,0,0,0
6/4/2020,2400.0,,,2400.0,0.0,0,0,0
6/3/2020,2400.0,,,2400.0,0.0,0,0,0
6/2/2020,2400.0,,,2400.0,0.0,0,0,0
6/1/2020,2400.0,,,2400.0,0.0,0,0,0
5/29/2020,2400.0,,,2400.0,0.0,0,0,0
5/28/2020,2400.0,,,2400.0,0.0,0,0,0
5/27/2020,2400.0,,,2400.0,0.0,0,0,0
5/26/2020,2400.0,,,2400.0,0.0,0,0,0
5/22/2020,2400.0,,,2400.0,0.0,0,0,0
5/21/2020,2400.0,,,2400.0,0.0,0,0,0
5/20/2020,2400.0,,,2400.0,0.0,0,0,0
5/19/2020,2400.0,,,2400.0,0.0,0,0,0
5/18/2020,2400.0,,,2400.0,0.0,0,0,0
5/15/2020,2400.0,,,2400.0,0.0,0,0,0
5/14/2020,2400.0,,,2400.0,0.0,0,0,0
5/13/2020,2400.0,,,2400.0,0.0,0,0,0
5/12/2020,2400.0,,,2400.0,0.0,0,0,0
5/11/2020,2400.0,,,2400.0,0.0,0,0,0
5/8/2020,2400.0,,,2400.0,0.0,0,0,0
5/7/2020,2400.0,,,2400.0,0.0,0,0,0
5/6/2020,2400.0,,,2400.0,0.0,0,0,0
5/5/2020,2400.0,,,2400.0,0.0,0,0,0
5/4/2020,2400.0,,,2400.0,0.0,0,0,0
4/30/2020,2400.0,,,2400.0,0.0,0,0,0
4/29/2020,2400.0,,,2400.0,0.0,0,0,0
4/28/2020,2400.0,,,2400.0,0.0,0,0,0
4/27/2020,2400.0,,,2400.0,0.0,0,0,0
4/24/2020,2400.0,,,2400.0,0.0,0,0,0
4/23/2020,2400.0,,,2400.0,0.0,0,0,0
4/22/2020,2400.0,,,2400.0,0.0,0,0,0
4/21/2020,2400.0,,,2400.0,0.0,0,0,0
4/16/2020,2400.0,,,2400.0,0.0,0,0,0
4/15/2020,2400.0,,,2400.0,0.0,0,0,0
4/14/2020,2400.0,,,2400.0,0.0,0,0,0
4/13/2020,2400.0,2400.0,2400.0,2400.0,9.09,7,16800,16800
4/10/2020,2200.0,,,2200.0,0.0,0,0,0
4/9/2020,2200.0,,,2200.0,0.0,0,0,0
4/8/2020,2200.0,,,2200.0,0.0,0,0,0
4/7/2020,2200.0,,,2200.0,0.0,0,0,0
4/6/2020,2200.0,,,2200.0,0.0,0,0,0
4/3/2020,2200.0,,,2200.0,0.0,0,0,0
4/2/2020,2200.0,,,2200.0,0.0,0,0,0
4/1/2020,2200.0,,,2200.0,0.0,0,0,0
3/31/2020,2200.0,,,2200.0,0.0,0,0,0
3/30/2020,2200.0,,,2200.0,0.0,0,0,0
3/27/2020,2200.0,,,2200.0,0.0,0,0,0
3/26/2020,2200.0,,,2200.0,0.0,0,0,0
3/25/2020,2200.0,,,2200.0,0.0,0,0,0
3/24/2020,2200.0,,,2200.0,0.0,0,0,0
3/23/2020,2200.0,,,2200.0,0.0,0,0,0
3/20/2020,2200.0,,,2200.0,0.0,0,0,0
3/19/2020,2200.0,,,2200.0,0.0,0,0,0
3/18/2020,2200.0,,,2200.0,0.0,0,0,0
3/17/2020,2200.0,,,2200.0,0.0,0,0,0
3/16/2020,2200.0,,,2200.0,0.0,0,0,0
3/13/2020,2200.0,,,2200.0,0.0,0,0,0
3/12/2020,2200.0,,,2200.0,0.0,0,0,0
3/11/2020,2200.0,,,2200.0,0.0,0,0,0
3/10/2020,2200.0,,,2200.0,0.0,0,0,0
3/9/2020,2200.0,,,2200.0,0.0,0,0,0
3/6/2020,2200.0,,,2200.0,0.0,0,0,0
3/5/2020,2200.0,,,2200.0,0.0,0,0,0
3/4/2020,2200.0,,,2200.0,0.0,0,0,0
3/3/2020,2200.0,,,2200.0,0.0,0,0,0
3/2/2020,2200.0,,,2200.0,0.0,0,0,0
2/28/2020,2200.0,,,2200.0,0.0,0,0,0
2/27/2020,2200.0,,,2200.0,0.0,0,0,0
2/26/2020,2200.0,,,2200.0,0.0,0,0,0
2/25/2020,2200.0,,,2200.0,0.0,0,0,0
2/24/2020,2200.0,,,2200.0,0.0,0,0,0
2/21/2020,2200.0,,,2200.0,0.0,0,0,0
2/20/2020,2200.0,,,2200.0,0.0,0,0,0
2/19/2020,2200.0,,,2200.0,0.0,0,0,0
2/18/2020,2200.0,,,2200.0,0.0,0,0,0
2/17/2020,2200.0,,,2200.0,0.0,0,0,0
2/14/2020,2200.0,,,2200.0,0.0,0,0,0
2/13/2020,2200.0,,,2200.0,0.0,0,0,0
2/12/2020,2200.0,,,2200.0,0.0,0,0,0
2/11/2020,2200.0,,,2200.0,0.0,0,0,0
2/10/2020,2200.0,,,2200.0,0.0,0,0,0
2/7/2020,2200.0,,,2200.0,0.0,0,0,0
2/6/2020,2200.0,,,2200.0,0.0,0,0,0
2/5/2020,2200.0,,,2200.0,0.0,0,0,0
2/4/2020,2200.0,,,2200.0,0.0,0,0,0
2/3/2020,2200.0,,,2200.0,0.0,0,0,0
1/31/2020,2200.0,,,2200.0,0.0,0,0,0
1/30/2020,2200.0,,,2200.0,0.0,0,0,0
1/29/2020,2200.0,,,2200.0,0.0,0,0,0
1/28/2020,2200.0,,,2200.0,0.0,0,0,0
1/27/2020,2200.0,2200.0,2200.0,2200.0,-8.26,151,332200,332200
1/24/2020,2398.0,,,2398.0,0.0,0,0,0
1/23/2020,2398.0,,,2398.0,0.0,0,0,0
1/22/2020,2398.0,,,2398.0,0.0,0,0,0
1/21/2020,2398.0,,,2398.0,0.0,0,0,0
1/20/2020,2398.0,,,2398.0,0.0,0,0,0
1/17/2020,2398.0,,,2398.0,0.0,0,0,0
1/16/2020,2398.0,,,2398.0,0.0,0,0,0
1/15/2020,2398.0,,,2398.0,0.0,0,0,0
1/14/2020,2398.0,2398.0,2398.0,2398.0,0.0,20,47960,47960
1/13/2020,2398.0,,,2398.0,0.0,0,0,0
1/10/2020,2398.0,,,2398.0,0.0,0,0,0
1/9/2020,2398.0,,,2398.0,0.0,0,0,0
1/8/2020,2398.0,,,2398.0,0.0,0,0,0
1/3/2020,2398.0,,,2398.0,0.0,0,0,0
1/2/2020,2398.0,,,2398.0,0.0,0,0,0
12/30/2019,2398.0,,,2398.0,0.0,0,0,0
12/27/2019,2398.0,,,2398.0,0.0,0,0,0
12/26/2019,2398.0,,,2398.0,0.0,0,0,0
12/25/2019,2398.0,,,2398.0,0.0,0,0,6169576
12/24/2019,2398.0,,,2398.0,0.0,0,0,0
12/23/2019,2398.0,,,2398.0,0.0,0,0,0
12/20/2019,2398.0,2398.0,2398.0,2398.0,19.9,4,9592,9592
12/19/2019,2000.0,,,2000.0,0.0,0,0,0
12/18/2019,2000.0,,,2000.0,0.0,0,0,0
12/17/2019,2000.0,,,2000.0,0.0,0,0,0
12/16/2019,2000.0,,,2000.0,0.0,0,0,0
12/13/2019,2000.0,,,2000.0,0.0,0,0,0
12/12/2019,2000.0,,,2000.0,0.0,0,0,0
12/11/2019,2000.0,,,2000.0,0.0,0,0,0
12/10/2019,2000.0,,,2000.0,0.0,0,0,0
12/6/2019,2000.0,,,2000.0,0.0,0,0,0
12/5/2019,2000.0,,,2000.0,0.0,0,0,0
12/4/2019,2000.0,,,2000.0,0.0,0,0,0
12/3/2019,2000.0,,,2000.0,0.0,0,0,0
12/2/2019,2000.0,,,2000.0,0.0,0,0,0
11/29/2019,2000.0,,,2000.0,0.0,0,0,0
11/28/2019,2000.0,,,2000.0,0.0,0,0,0
11/27/2019,2000.0,,,2000.0,0.0,0,0,0
11/26/2019,2000.0,,,2000.0,0.0,0,0,0
11/25/2019,2000.0,,,2000.0,0.0,0,0,0
11/22/2019,2000.0,,,2000.0,0.0,0,0,0
11/21/2019,2000.0,,,2000.0,0.0,0,0,0
11/20/2019,2000.0,,,2000.0,0.0,0,0,0
11/19/2019,2000.0,,,2000.0,0.0,0,0,0
11/18/2019,2000.0,,,2000.0,0.0,0,0,0
11/15/2019,2000.0,2000.0,2000.0,2000.0,0.0,50,100000,100000
11/14/2019,2000.0,,,2000.0,0.0,0,0,0
11/13/2019,2000.0,,,2000.0,0.0,0,0,0
11/12/2019,2000.0,,,2000.0,0.0,0,0,0
11/12/2019,2000.0,,,2000.0,0.0,0,0,0
11/11/2019,2000.0,,,2000.0,0.0,0,0,0
11/8/2019,2000.0,2000.0,2000.0,2000.0,0.0,100,200000,200000
11/7/2019,2000.0,2000.0,2000.0,2000.0,-0.05,100,200000,200000
11/6/2019,2001.0,2001.0,2001.0,2001.0,0.05,50,100050,100050
11/5/2019,2000.0,,,2000.0,0.0,0,0,0
11/4/2019,2000.0,,,2000.0,0.0,0,0,0
11/1/2019,2000.0,,,2000.0,0.0,0,0,0
10/31/2019,2000.0,,,2000.0,0.0,0,0,0
10/30/2019,2000.0,,,2000.0,0.0,0,0,0
10/29/2019,2000.0,,,2000.0,0.0,0,0,0
10/28/2019,2000.0,,,2000.0,0.0,0,0,0
10/25/2019,2000.0,,,2000.0,0.0,0,0,0
10/24/2019,2000.0,,,2000.0,0.0,0,0,0
10/22/2019,2000.0,,,2000.0,0.0,0,0,0
10/21/2019,2000.0,,,2000.0,0.0,0,0,0
10/18/2019,2000.0,,,2000.0,0.0,0,0,0
10/17/2019,2000.0,,,2000.0,0.0,0,0,0
10/16/2019,2000.0,,,2000.0,0.0,0,0,0
10/15/2019,2000.0,,,2000.0,0.0,0,0,0
10/14/2019,2000.0,,,2000.0,0.0,0,0,0
10/10/2019,2000.0,,,2000.0,0.0,0,0,0
10/9/2019,2000.0,,,2000.0,0.0,0,0,0
10/8/2019,2000.0,2000.0,2000.0,2000.0,0.0,355,710000,710000
10/7/2019,2000.0,,,2000.0,0.0,0,0,8523400
10/4/2019,2000.0,,,2000.0,0.0,0,0,0
10/3/2019,2000.0,,,2000.0,0.0,0,0,0
10/2/2019,2000.0,,,2000.0,0.0,0,0,0
10/1/2019,2000.0,,,2000.0,0.0,0,0,0
9/30/2019,2000.0,,,2000.0,0.0,0,0,0
9/27/2019,2000.0,,,2000.0,0.0,0,0,0
9/26/2019,2000.0,,,2000.0,0.0,0,0,0
9/25/2019,2000.0,,,2000.0,0.0,0,0,0
9/24/2019,2000.0,,,2000.0,0.0,0,0,0
9/23/2019,2000.0,,,2000.0,0.0,0,0,0
9/20/2019,2000.0,,,2000.0,0.0,0,0,0
9/19/2019,2000.0,,,2000.0,0.0,0,0,0
9/18/2019,2000.0,,,2000.0,0.0,0,0,0
9/17/2019,2000.0,,,2000.0,0.0,0,0,0
9/16/2019,2000.0,,,2000.0,0.0,0,0,0
9/13/2019,2000.0,,,2000.0,0.0,0,0,0
9/12/2019,2000.0,,,2000.0,0.0,0,0,0
9/11/2019,2000.0,,,2000.0,0.0,0,0,0
9/10/2019,2000.0,,,2000.0,0.0,0,0,0
9/6/2019,2000.0,,,2000.0,0.0,0,0,0
9/5/2019,2000.0,,,2000.0,0.0,0,0,0
9/4/2019,2000.0,,,2000.0,0.0,0,0,0
9/3/2019,2000.0,,,2000.0,0.0,0,0,0
9/2/2019,2000.0,,,2000.0,0.0,0,0,0
8/30/2019,2000.0,,,2000.0,0.0,0,0,0
8/29/2019,2000.0,,,2000.0,0.0,0,0,0
8/27/2019,2000.0,,,2000.0,0.0,0,0,0
8/26/2019,2000.0,,,2000.0,0.0,0,0,0
8/23/2019,2000.0,,,2000.0,0.0,0,0,0
8/22/2019,2000.0,,,2000.0,0.0,0,0,0
8/21/2019,2000.0,,,2000.0,0.0,0,0,0
8/20/2019,2000.0,,,2000.0,0.0,0,0,0
8/19/2019,2000.0,,,2000.0,0.0,0,0,0
8/16/2019,2000.0,,,2000.0,0.0,0,0,0
8/15/2019,2000.0,,,2000.0,0.0,0,0,0
8/14/2019,2000.0,,,2000.0,0.0,0,0,0
8/13/2019,2000.0,,,2000.0,0.0,0,0,0
8/12/2019,2000.0,,,2000.0,0.0,0,0,0
8/9/2019,2000.0,,,2000.0,0.0,0,0,0
8/8/2019,2000.0,,,2000.0,0.0,0,0,0
8/7/2019,2000.0,,,2000.0,0.0,0,0,0
8/6/2019,2000.0,,,2000.0,0.0,0,0,0
8/5/2019,2000.0,,,2000.0,0.0,0,0,0
8/1/2019,2000.0,,,2000.0,0.0,0,0,0
7/31/2019,2000.0,,,2000.0,0.0,0,0,0
7/30/2019,2000.0,,,2000.0,0.0,0,0,0
7/29/2019,2000.0,,,2000.0,0.0,0,0,0
7/26/2019,2000.0,,,2000.0,0.0,0,0,0
7/25/2019,2000.0,,,2000.0,0.0,0,0,0
7/24/2019,2000.0,,,2000.0,0.0,0,0,0
7/23/2019,2000.0,,,2000.0,0.0,0,0,0
7/22/2019,2000.0,,,2000.0,0.0,0,0,0
7/19/2019,2000.0,,,2000.0,0.0,0,0,0
7/18/2019,2000.0,,,2000.0,0.0,0,0,0
7/17/2019,2000.0,,,2000.0,0.0,0,0,0
7/16/2019,2000.0,,,2000.0,0.0,0,0,0
7/15/2019,2000.0,,,2000.0,0.0,0,0,0
7/12/2019,2000.0,,,2000.0,0.0,0,0,0
7/11/2019,2000.0,,,2000.0,0.0,0,0,0
7/10/2019,2000.0,,,2000.0,0.0,0,0,0
7/9/2019,2000.0,,,2000.0,0.0,0,0,0
7/8/2019,2000.0,,,2000.0,0.0,0,0,0
7/5/2019,2000.0,,,2000.0,0.0,0,0,0
7/4/2019,2000.0,,,2000.0,0.0,0,0,0
7/3/2019,2000.0,,,2000.0,0.0,0,0,0
7/2/2019,2000.0,,,2000.0,0.0,0,0,0
7/1/2019,2000.0,,,2000.0,0.0,0,0,0
6/28/2019,2000.0,,,2000.0,0.0,0,0,0
6/27/2019,2000.0,,,2000.0,0.0,0,0,0
6/26/2019,2000.0,,,2000.0,0.0,0,0,0
6/25/2019,2000.0,,,2000.0,0.0,0,0,0
6/24/2019,2000.0,,,2000.0,0.0,0,0,0
6/21/2019,2000.0,,,2000.0,0.0,0,0,0
6/20/2019,2000.0,,,2000.0,0.0,0,0,0
6/19/2019,2000.0,,,2000.0,0.0,0,0,0
6/18/2019,2000.0,,,2000.0,0.0,0,0,0
6/17/2019,2000.0,,,2000.0,0.0,0,0,0
6/13/2019,2000.0,,,2000.0,0.0,0,0,0
6/12/2019,2000.0,2000.0,2000.0,2000.0,0.0,215,430000,430000
6/11/2019,2000.0,,,2000.0,0.0,0,0,0
6/10/2019,2000.0,,,2000.0,0.0,0,0,0
6/7/2019,2000.0,,,2000.0,0.0,0,0,0
6/6/2019,2000.0,,,2000.0,0.0,0,0,0
6/5/2019,2000.0,2000.0,2000.0,2000.0,5.26,685,1370000,1370000
6/3/2019,1900.0,,,1900.0,0.0,0,0,0
5/31/2019,1900.0,,,1900.0,0.0,0,0,0
5/30/2019,1900.0,,,1900.0,0.0,0,0,0
5/29/2019,1900.0,,,1900.0,0.0,0,0,0
5/28/2019,1900.0,,,1900.0,0.0,0,0,0
5/27/2019,1900.0,,,1900.0,0.0,0,0,0
5/23/2019,1900.0,,,1900.0,0.0,0,0,0
5/22/2019,1900.0,,,1900.0,0.0,0,0,0
5/21/2019,1900.0,,,1900.0,0.0,0,0,0
5/20/2019,1900.0,,,1900.0,0.0,0,0,0
5/17/2019,1900.0,,,1900.0,0.0,0,0,0
5/16/2019,1900.0,,,1900.0,0.0,0,0,0
5/15/2019,1900.0,,,1900.0,0.0,0,0,0
5/14/2019,1900.0,,,1900.0,0.0,0,0,0
5/13/2019,1900.0,,,1900.0,0.0,0,0,0
5/10/2019,1900.0,,,1900.0,0.0,0,0,0
5/9/2019,1900.0,,,1900.0,0.0,0,0,0
5/8/2019,1900.0,,,1900.0,0.0,0,0,0
5/7/2019,1900.0,,,1900.0,0.0,0,0,0
5/6/2019,1900.0,,,1900.0,0.0,0,0,0
5/3/2019,1900.0,,,1900.0,0.0,0,0,0
5/2/2019,1900.0,,,1900.0,0.0,0,0,0
4/30/2019,1900.0,,,1900.0,0.0,0,0,0
4/25/2019,1900.0,,,1900.0,0.0,0,0,0
4/24/2019,1900.0,,,1900.0,0.0,0,0,0
4/23/2019,1900.0,,,1900.0,0.0,0,0,0
4/22/2019,1900.0,,,1900.0,0.0,0,0,0
4/19/2019,1900.0,,,1900.0,0.0,0,0,0
4/18/2019,1900.0,,,1900.0,0.0,0,0,0
4/17/2019,1900.0,,,1900.0,0.0,0,0,0
4/16/2019,1900.0,,,1900.0,0.0,0,0,0
4/15/2019,1900.0,,,1900.0,0.0,0,0,0
4/12/2019,1900.0,,,1900.0,0.0,0,0,0
4/11/2019,1900.0,,,1900.0,0.0,0,0,0
4/10/2019,1900.0,,,1900.0,0.0,0,0,0
4/9/2019,1900.0,,,1900.0,0.0,0,0,0
4/8/2019,1900.0,1900.0,1900.0,1900.0,0.0,117,222300,222300
4/5/2019,1900.0,,,1900.0,0.0,0,0,0
4/4/2019,1900.0,,,1900.0,0.0,0,0,0
4/3/2019,1900.0,,,1900.0,0.0,0,0,0
4/2/2019,1900.0,,,1900.0,0.0,0,0,0
4/1/2019,1900.0,,,1900.0,0.0,0,0,0
3/29/2019,1900.0,1900.0,1900.0,1900.0,0.0,78,148200,148200
3/28/2019,1900.0,,,1900.0,0.0,0,0,0
3/27/2019,1900.0,,,1900.0,0.0,0,0,0
3/26/2019,1900.0,,,1900.0,0.0,0,0,0
3/25/2019,1900.0,,,1900.0,0.0,0,0,0
3/22/2019,1900.0,,,1900.0,0.0,0,0,0
3/21/2019,1900.0,,,1900.0,0.0,0,0,0
3/20/2019,1900.0,,,1900.0,0.0,0,0,0
3/19/2019,1900.0,,,1900.0,0.0,0,0,0
3/18/2019,1900.0,,,1900.0,0.0,0,0,0
3/15/2019,1900.0,,,1900.0,0.0,0,0,0
3/14/2019,1900.0,1900.0,1900.0,1900.0,0.0,40,76000,76000
3/13/2019,1900.0,,,1900.0,0.0,0,0,0
3/12/2019,1900.0,,,1900.0,0.0,0,0,0
3/11/2019,1900.0,,,1900.0,0.0,0,0,0
3/8/2019,1900.0,,,1900.0,0.0,0,0,0
3/7/2019,1900.0,,,1900.0,0.0,0,0,0
3/6/2019,1900.0,,,1900.0,0.0,0,0,0
3/5/2019,1900.0,,,1900.0,0.0,0,0,0
3/4/2019,1900.0,1900.0,1900.0,1900.0,5.56,200,380000,380000
3/1/2019,1800.0,,,1800.0,0.0,0,0,0
2/28/2019,1800.0,,,1800.0,0.0,0,0,0
2/27/2019,1800.0,,,1800.0,0.0,0,0,0
2/26/2019,1800.0,,,1800.0,0.0,0,0,0
2/25/2019,1800.0,,,1800.0,0.0,0,0,0
2/22/2019,1800.0,,,1800.0,0.0,0,0,0
2/21/2019,1800.0,,,1800.0,0.0,0,0,0
2/20/2019,1800.0,,,1800.0,0.0,0,0,0
2/19/2019,1800.0,,,1800.0,0.0,0,0,0
2/18/2019,1800.0,,,1800.0,0.0,0,0,0
2/15/2019,1800.0,,,1800.0,0.0,0,0,0
2/14/2019,1800.0,,,1800.0,0.0,0,0,0
2/13/2019,1800.0,,,1800.0,0.0,0,0,0
2/12/2019,1800.0,,,1800.0,0.0,0,0,0
2/11/2019,1800.0,,,1800.0,0.0,0,0,0
2/8/2019,1800.0,,,1800.0,0.0,0,0,0
2/7/2019,1800.0,,,1800.0,0.0,0,0,0
2/6/2019,1800.0,,,1800.0,0.0,0,0,0
2/5/2019,1800.0,,,1800.0,0.0,0,0,0
2/4/2019,1800.0,,,1800.0,0.0,0,0,0
2/1/2019,1800.0,,,1800.0,0.0,0,0,0
1/31/2019,1800.0,,,1800.0,0.0,0,0,0
1/30/2019,1800.0,,,1800.0,0.0,0,0,0
1/29/2019,1800.0,,,1800.0,0.0,0,0,0
1/28/2019,1800.0,,,1800.0,0.0,0,0,0
1/25/2019,1800.0,,,1800.0,0.0,0,0,0
1/24/2019,1800.0,,,1800.0,0.0,0,0,0
1/23/2019,1800.0,,,1800.0,0.0,0,0,0
1/22/2019,1800.0,,,1800.0,0.0,0,0,0
1/21/2019,1800.0,,,1800.0,0.0,0,0,0
1/18/2019,1800.0,,,1800.0,0.0,0,0,0
1/17/2019,1800.0,,,1800.0,0.0,0,0,0
1/16/2019,1800.0,,,1800.0,0.0,0,0,0
1/15/2019,1800.0,,,1800.0,0.0,0,0,0
1/14/2019,1800.0,,,1800.0,0.0,0,0,0
1/11/2019,1800.0,,,1800.0,0.0,0,0,0
1/10/2019,1800.0,,,1800.0,0.0,0,0,0
1/9/2019,1800.0,,,1800.0,0.0,0,0,0
1/8/2019,1800.0,,,1800.0,0.0,0,0,0
1/4/2019,1800.0,,,1800.0,0.0,0,0,0
1/3/2019,1800.0,,,1800.0,0.0,0,0,0
1/2/2019,1800.0,,,1800.0,0.0,0,0,0
12/28/2018,1800.0,,,1800.0,0.0,0,0,0
12/27/2018,1800.0,,,1800.0,0.0,0,0,0
12/26/2018,1800.0,,,1800.0,0.0,0,0,0
12/25/2018,1800.0,,,1800.0,0.0,0,0,0
12/24/2018,1800.0,,,1800.0,0.0,0,0,0
12/21/2018,1800.0,,,1800.0,0.0,0,0,0
12/20/2018,1800.0,,,1800.0,0.0,0,0,0
12/19/2018,1800.0,,,1800.0,0.0,0,0,0
12/18/2018,1800.0,,,1800.0,0.0,0,0,0
12/17/2018,1800.0,,,1800.0,0.0,0,0,0
12/14/2018,1800.0,,,1800.0,0.0,0,0,0
12/13/2018,1800.0,,,1800.0,0.0,0,0,0
12/12/2018,1800.0,,,1800.0,0.0,0,0,0
12/11/2018,1800.0,,,1800.0,0.0,0,0,0
12/10/2018,1800.0,,,1800.0,0.0,0,0,0
12/7/2018,1800.0,,,1800.0,0.0,0,0,0
12/6/2018,1800.0,,,1800.0,0.0,0,0,0
12/5/2018,1800.0,,,1800.0,0.0,0,0,0
12/4/2018,1800.0,,,1800.0,0.0,0,0,0
12/3/2018,1800.0,,,1800.0,0.0,0,0,0
11/30/2018,1800.0,,,1800.0,0.0,0,0,0
11/29/2018,1800.0,,,1800.0,0.0,0,0,0
11/28/2018,1800.0,,,1800.0,0.0,0,0,0
11/27/2018,1800.0,,,1800.0,0.0,0,0,0
11/26/2018,1800.0,,,1800.0,0.0,0,0,0
11/23/2018,1800.0,,,1800.0,0.0,0,0,0
11/22/2018,1800.0,,,1800.0,0.0,0,0,0
11/21/2018,1800.0,,,1800.0,0.0,0,0,0
11/20/2018,1800.0,,,1800.0,0.0,0,0,0
11/19/2018,1800.0,,,1800.0,0.0,0,0,0
11/16/2018,1800.0,,,1800.0,0.0,0,0,0
11/15/2018,1800.0,,,1800.0,0.0,0,0,0
11/14/2018,1800.0,,,1800.0,0.0,0,0,0
11/13/2018,1800.0,,,1800.0,0.0,0,0,0
11/12/2018,1800.0,,,1800.0,0.0,0,0,0
11/12/2018,1800.0,,,1800.0,0.0,0,0,0
11/9/2018,1800.0,,,1800.0,0.0,0,0,0
11/8/2018,1800.0,,,1800.0,0.0,0,0,0
11/7/2018,1800.0,,,1800.0,0.0,0,0,0
11/6/2018,1800.0,,,1800.0,0.0,0,0,0
11/5/2018,1800.0,,,1800.0,0.0,0,0,0
11/2/2018,1800.0,,,1800.0,0.0,0,0,0
11/1/2018,1800.0,,,1800.0,0.0,0,0,0
10/31/2018,1800.0,,,1800.0,0.0,0,0,0
10/30/2018,1800.0,,,1800.0,0.0,0,0,0
10/29/2018,1800.0,,,1800.0,0.0,0,0,0
10/26/2018,1800.0,,,1800.0,0.0,0,0,0
10/25/2018,1800.0,,,1800.0,0.0,0,0,0
10/24/2018,1800.0,,,1800.0,0.0,0,0,0
10/22/2018,1800.0,,,1800.0,0.0,0,0,0
10/19/2018,1800.0,,,1800.0,0.0,0,0,0
10/18/2018,1800.0,1800.0,1800.0,1800.0,5.88,20,36000,36000
10/17/2018,1700.0,,,1700.0,0.0,0,0,0
10/16/2018,1700.0,,,1700.0,0.0,0,0,0
10/15/2018,1700.0,1700.0,1700.0,1700.0,-5.82,20,34000,34000
10/12/2018,1805.0,,,1805.0,0.0,0,0,0
10/10/2018,1805.0,,,1805.0,0.0,0,0,0
10/9/2018,1805.0,,,1805.0,0.0,0,0,0
10/8/2018,1805.0,,,1805.0,0.0,0,0,0
10/5/2018,1805.0,1805.0,1805.0,1805.0,-5.0,100,180500,180500
10/4/2018,1900.0,,,1900.0,0.0,0,0,0
10/3/2018,1900.0,,,1900.0,0.0,0,0,0
10/2/2018,1900.0,,,1900.0,0.0,0,0,0
10/1/2018,1900.0,,,1900.0,0.0,0,0,0
9/28/2018,1900.0,,,1900.0,0.0,0,0,0
9/27/2018,1900.0,1900.0,1900.0,1900.0,0.0,17,32300,32300
9/26/2018,1900.0,,,1900.0,0.0,0,0,0
9/25/2018,1900.0,,,1900.0,0.0,0,0,0
9/24/2018,1900.0,,,1900.0,0.0,0,0,0
9/21/2018,1900.0,,,1900.0,0.0,0,0,0
9/20/2018,1900.0,,,1900.0,0.0,0,0,0
9/19/2018,1900.0,,,1900.0,0.0,0,0,0
9/18/2018,1900.0,,,1900.0,0.0,0,0,0
9/17/2018,1900.0,,,1900.0,0.0,0,0,0
9/14/2018,1900.0,,,1900.0,0.0,0,0,0
9/13/2018,1900.0,,,1900.0,0.0,0,0,0
9/12/2018,1900.0,,,1900.0,0.0,0,0,0
9/11/2018,1900.0,,,1900.0,0.0,0,0,0
9/10/2018,1900.0,,,1900.0,0.0,0,0,0
9/7/2018,1900.0,,,1900.0,0.0,0,0,0
9/6/2018,1900.0,,,1900.0,0.0,0,0,0
9/5/2018,1900.0,,,1900.0,0.0,0,0,0
9/4/2018,1900.0,,,1900.0,0.0,0,0,0
9/3/2018,1900.0,,,1900.0,0.0,0,0,0
8/31/2018,1900.0,,,1900.0,0.0,0,0,0
8/30/2018,1900.0,,,1900.0,0.0,0,0,0
8/29/2018,1900.0,,,1900.0,0.0,0,0,0
8/27/2018,1900.0,,,1900.0,0.0,0,0,0
8/24/2018,1900.0,,,1900.0,0.0,0,0,0
8/23/2018,1900.0,,,1900.0,0.0,0,0,0
8/22/2018,1900.0,1900.0,1900.0,1900.0,0.05,150,285000,285000
8/21/2018,1899.0,1899.0,1899.0,1899.0,-0.11,80,151920,151920
8/20/2018,1901.0,,,1901.0,0.0,0,0,0
8/17/2018,1901.0,,,1901.0,0.0,0,0,0
8/16/2018,1901.0,,,1901.0,0.0,0,0,0
8/15/2018,1901.0,,,1901.0,0.0,0,0,0
8/14/2018,1901.0,,,1901.0,0.0,0,0,0
8/13/2018,1901.0,,,1901.0,0.0,0,0,0
8/10/2018,1901.0,1901.0,1901.0,1901.0,0.05,40,76040,76040
8/9/2018,1900.0,,,1900.0,0.0,0,0,0
8/8/2018,1900.0,,,1900.0,0.0,0,0,0
8/7/2018,1900.0,,,1900.0,0.0,0,0,0
8/6/2018,1900.0,1900.0,1900.0,1900.0,0.0,38,72200,72200
8/3/2018,1900.0,,,1900.0,0.0,0,0,0
8/1/2018,1900.0,,,1900.0,0.0,0,0,0
7/31/2018,1900.0,,,1900.0,0.0,0,0,0
7/30/2018,1900.0,1900.0,1900.0,1900.0,0.0,50,95000,95000
7/27/2018,1900.0,,,1900.0,0.0,0,0,0
7/26/2018,1900.0,,,1900.0,0.0,0,0,0
7/25/2018,1900.0,,,1900.0,0.0,0,0,0
7/24/2018,1900.0,1900.0,1900.0,1900.0,5.38,37,70300,70300
7/23/2018,1803.0,,,1803.0,0.0,0,0,0
7/20/2018,1803.0,,,1803.0,0.0,0,0,0
7/19/2018,1803.0,,,1803.0,0.0,0,0,0
7/18/2018,1803.0,,,1803.0,0.0,0,0,0
7/17/2018,1803.0,1803.0,1803.0,1803.0,2.97,793,1429779,1429779
7/16/2018,1751.0,,,1751.0,0.0,0,0,0
7/13/2018,1751.0,,,1751.0,0.0,0,0,0
7/12/2018,1751.0,,,1751.0,0.0,0,0,0
7/11/2018,1751.0,,,1751.0,0.0,0,0,0
7/10/2018,1751.0,,,1751.0,0.0,0,0,0
7/9/2018,1751.0,,,1751.0,0.0,0,0,0
7/6/2018,1751.0,1751.0,1751.0,1751.0,0.0,151,264401,264401
7/5/2018,1751.0,1751.0,1751.0,1751.0,-2.67,50,87550,87550
7/4/2018,1799.0,,,1799.0,0.0,0,0,0
7/3/2018,1799.0,1799.0,1799.0,1799.0,5.82,60,107940,107940
7/2/2018,1700.0,,,1700.0,0.0,0,0,0
6/29/2018,1700.0,1700.0,1700.0,1700.0,0.0,118,200600,200600
6/28/2018,1700.0,,,1700.0,0.0,0,0,0
6/27/2018,1700.0,,,1700.0,0.0,0,0,0
6/26/2018,1700.0,,,1700.0,0.0,0,0,0
6/25/2018,1700.0,,,1700.0,0.0,0,0,0
6/22/2018,1700.0,,,1700.0,0.0,0,0,0
6/21/2018,1700.0,,,1700.0,0.0,0,0,0
6/20/2018,1700.0,,,1700.0,0.0,0,0,0
6/19/2018,1700.0,,,1700.0,0.0,0,0,0
6/18/2018,1700.0,,,1700.0,0.0,0,0,0
6/14/2018,1700.0,1700.0,1700.0,1700.0,-6.59,71,120700,120700
6/13/2018,1820.0,,,1820.0,0.0,0,0,0
6/12/2018,1820.0,,,1820.0,0.0,0,0,0
6/11/2018,1820.0,,,1820.0,0.0,0,0,0
6/8/2018,1820.0,,,1820.0,0.0,0,0,0
6/7/2018,1820.0,,,1820.0,0.0,0,0,0
6/6/2018,1820.0,,,1820.0,0.0,0,0,0
6/5/2018,1820.0,,,1820.0,0.0,0,0,0
6/4/2018,1820.0,,,1820.0,0.0,0,0,0
6/1/2018,1820.0,,,1820.0,0.0,0,0,0
5/31/2018,1820.0,,,1820.0,0.0,0,0,0
5/30/2018,1820.0,,,1820.0,0.0,0,0,0
5/29/2018,1820.0,,,1820.0,0.0,0,0,0
5/28/2018,1820.0,,,1820.0,0.0,0,0,0
5/23/2018,1820.0,,,1820.0,0.0,0,0,0
5/22/2018,1820.0,,,1820.0,0.0,0,0,0
5/21/2018,1820.0,,,1820.0,0.0,0,0,0
5/18/2018,1820.0,,,1820.0,0.0,0,0,0
5/17/2018,1820.0,,,1820.0,0.0,0,0,0
5/16/2018,1820.0,,,1820.0,0.0,0,0,0
5/15/2018,1820.0,,,1820.0,0.0,0,0,0
5/14/2018,1820.0,,,1820.0,0.0,0,0,0
5/11/2018,1820.0,,,1820.0,0.0,0,0,0
5/10/2018,1820.0,,,1820.0,0.0,0,0,0
5/9/2018,1820.0,,,1820.0,0.0,0,0,0
5/8/2018,1820.0,,,1820.0,0.0,0,0,0
5/7/2018,1820.0,,,1820.0,0.0,0,0,0
5/4/2018,1820.0,,,1820.0,0.0,0,0,0
5/3/2018,1820.0,,,1820.0,0.0,0,0,0
5/2/2018,1820.0,,,1820.0,0.0,0,0,0
4/30/2018,1820.0,,,1820.0,0.0,0,0,0
4/27/2018,1820.0,,,1820.0,0.0,0,0,0
4/26/2018,1820.0,,,1820.0,0.0,0,0,0
4/25/2018,1820.0,,,1820.0,0.0,0,0,0
4/24/2018,1820.0,,,1820.0,0.0,0,0,0
4/23/2018,1820.0,,,1820.0,0.0,0,0,0
4/20/2018,1820.0,,,1820.0,0.0,0,0,0
4/19/2018,1820.0,,,1820.0,0.0,0,0,0
4/18/2018,1820.0,,,1820.0,0.0,0,0,0
4/17/2018,1820.0,,,1820.0,0.0,0,0,0
4/16/2018,1820.0,,,1820.0,0.0,0,0,0
4/13/2018,1820.0,,,1820.0,0.0,0,0,0
4/12/2018,1820.0,,,1820.0,0.0,0,0,0
4/11/2018,1820.0,,,1820.0,0.0,0,0,0
4/10/2018,1820.0,,,1820.0,0.0,0,0,0
4/5/2018,1820.0,,,1820.0,0.0,0,0,0
4/4/2018,1820.0,,,1820.0,0.0,0,0,0
4/3/2018,1820.0,,,1820.0,0.0,0,0,0
4/2/2018,1820.0,,,1820.0,0.0,0,0,0
3/30/2018,1820.0,,,1820.0,0.0,0,0,0
3/29/2018,1820.0,,,1820.0,0.0,0,0,0
3/28/2018,1820.0,,,1820.0,0.0,0,0,0
3/27/2018,1820.0,,,1820.0,0.0,0,0,0
3/26/2018,1820.0,,,1820.0,0.0,0,0,0
3/23/2018,1820.0,,,1820.0,0.0,0,0,0
3/22/2018,1820.0,,,1820.0,0.0,0,0,0
3/21/2018,1820.0,,,1820.0,0.0,0,0,0
3/20/2018,1820.0,,,1820.0,0.0,0,0,0
3/19/2018,1820.0,,,1820.0,0.0,0,0,0
3/16/2018,1820.0,,,1820.0,0.0,0,0,0
3/15/2018,1820.0,,,1820.0,0.0,0,0,0
3/14/2018,1820.0,1820.0,1820.0,1820.0,10.3,59,107380,107380
3/13/2018,1650.0,,,1650.0,0.0,0,0,0
3/12/2018,1650.0,,,1650.0,0.0,0,0,0
3/9/2018,1650.0,,,1650.0,0.0,0,0,0
3/8/2018,1650.0,1650.0,1650.0,1650.0,0.0,157,259050,259050
3/7/2018,1650.0,,,1650.0,0.0,0,0,0
3/6/2018,1650.0,,,1650.0,0.0,0,0,0
3/5/2018,1650.0,,,1650.0,0.0,0,0,0
3/2/2018,1650.0,,,1650.0,0.0,0,0,0
3/1/2018,1650.0,,,1650.0,0.0,0,0,0
2/28/2018,1650.0,,,1650.0,0.0,0,0,0
2/27/2018,1650.0,,,1650.0,0.0,0,0,0
2/26/2018,1650.0,,,1650.0,0.0,0,0,0
2/23/2018,1650.0,,,1650.0,0.0,0,0,0
2/22/2018,1650.0,,,1650.0,0.0,0,0,0
2/21/2018,1650.0,,,1650.0,0.0,0,0,0
2/20/2018,1650.0,,,1650.0,0.0,0,0,0
2/19/2018,1650.0,,,1650.0,0.0,0,0,0
2/16/2018,1650.0,,,1650.0,0.0,0,0,0
2/15/2018,1650.0,,,1650.0,0.0,0,0,0
2/14/2018,1650.0,,,1650.0,0.0,0,0,0
2/13/2018,1650.0,,,1650.0,0.0,0,0,0
2/12/2018,1650.0,1650.0,1650.0,1650.0,0.0,50,82500,82500
2/9/2018,1650.0,,,1650.0,0.0,0,0,0
2/8/2018,1650.0,,,1650.0,0.0,0,0,0
2/7/2018,1650.0,1650.0,1650.0,1650.0,-2.94,50,82500,82500
2/6/2018,1700.0,,,1700.0,0.0,0,0,0
2/5/2018,1700.0,,,1700.0,0.0,0,0,0
2/2/2018,1700.0,,,1700.0,0.0,0,0,0
2/1/2018,1700.0,,,1700.0,0.0,0,0,0
1/31/2018,1700.0,,,1700.0,0.0,0,0,0
1/30/2018,1700.0,,,1700.0,0.0,0,0,0
1/29/2018,1700.0,,,1700.0,0.0,0,0,0
1/26/2018,1700.0,,,1700.0,0.0,0,0,0
1/25/2018,1700.0,,,1700.0,0.0,0,0,0
1/24/2018,1700.0,,,1700.0,0.0,0,0,0
1/23/2018,1700.0,,,1700.0,0.0,0,0,0
1/22/2018,1700.0,1700.0,1700.0,1700.0,0.06,140,238000,238000
1/18/2018,1699.0,,,1699.0,0.0,0,0,0
1/17/2018,1699.0,1699.0,1699.0,1699.0,-20.61,52,88348,88348
1/16/2018,2140.0,,,2140.0,0.0,0,0,0
1/15/2018,2140.0,,,2140.0,0.0,0,0,0
1/12/2018,2140.0,,,2140.0,0.0,0,0,0
1/11/2018,2140.0,,,2140.0,0.0,0,0,0
1/10/2018,2140.0,,,2140.0,0.0,0,0,0
1/9/2018,2140.0,,,2140.0,0.0,0,0,0
1/5/2018,2140.0,,,2140.0,0.0,0,0,0
1/4/2018,2140.0,,,2140.0,0.0,0,0,0
1/3/2018,2140.0,,,2140.0,0.0,0,0,0
1/2/2018,2140.0,,,2140.0,0.0,0,0,0
12/28/2017,2140.0,,,2140.0,0.0,0,0,0
12/27/2017,2140.0,,,2140.0,0.0,0,0,0
12/26/2017,2140.0,,,2140.0,0.0,0,0,0
12/25/2017,2140.0,,,2140.0,0.0,0,0,0
12/22/2017,2140.0,,,2140.0,0.0,0,0,0
12/21/2017,2140.0,,,2140.0,0.0,0,0,0
12/20/2017,2140.0,,,2140.0,0.0,0,0,0
12/19/2017,2140.0,,,2140.0,0.0,0,0,0
12/18/2017,2140.0,,,2140.0,0.0,0,0,0
12/15/2017,2140.0,,,2140.0,0.0,0,0,0
12/14/2017,2140.0,,,2140.0,0.0,0,0,0
12/13/2017,2140.0,,,2140.0,0.0,0,0,0
12/12/2017,2140.0,,,2140.0,0.0,0,0,0
12/11/2017,2140.0,,,2140.0,0.0,0,0,0
12/7/2017,2140.0,,,2140.0,0.0,0,0,0
12/6/2017,2140.0,,,2140.0,0.0,0,0,0
12/5/2017,2140.0,,,2140.0,0.0,0,0,0
12/4/2017,2140.0,,,2140.0,0.0,0,0,0
12/1/2017,2140.0,,,2140.0,0.0,0,0,0
11/30/2017,2140.0,,,2140.0,0.0,0,0,0
11/29/2017,2140.0,,,2140.0,0.0,0,0,0
11/28/2017,2140.0,,,2140.0,0.0,0,0,0
11/27/2017,2140.0,,,2140.0,0.0,0,0,0
11/24/2017,2140.0,,,2140.0,0.0,0,0,0
11/23/2017,2140.0,,,2140.0,0.0,0,0,0
11/22/2017,2140.0,,,2140.0,0.0,0,0,0
11/21/2017,2140.0,,,2140.0,0.0,0,0,0
11/20/2017,2140.0,,,2140.0,0.0,0,0,0
11/17/2017,2140.0,,,2140.0,0.0,0,0,0
11/16/2017,2140.0,,,2140.0,0.0,0,0,0
11/15/2017,2140.0,,,2140.0,0.0,0,0,0
11/14/2017,2140.0,,,2140.0,0.0,0,0,0
11/13/2017,2140.0,,,2140.0,0.0,0,0,0
11/10/2017,2140.0,,,2140.0,0.0,0,0,0
11/9/2017,2140.0,,,2140.0,0.0,0,0,0
11/8/2017,2140.0,,,2140.0,0.0,0,0,0
11/7/2017,2140.0,,,2140.0,0.0,0,0,0
11/6/2017,2140.0,,,2140.0,0.0,0,0,0
11/3/2017,2140.0,,,2140.0,0.0,0,0,0
11/2/2017,2140.0,,,2140.0,0.0,0,0,0
11/1/2017,2140.0,,,2140.0,0.0,0,0,0
10/31/2017,2140.0,,,2140.0,0.0,0,0,0
10/30/2017,2140.0,,,2140.0,0.0,0,0,0
10/27/2017,2140.0,,,2140.0,0.0,0,0,0
10/26/2017,2140.0,,,2140.0,0.0,0,0,0
10/25/2017,2140.0,,,2140.0,0.0,0,0,0
10/24/2017,2140.0,,,2140.0,0.0,0,0,0
10/20/2017,2140.0,,,2140.0,0.0,0,0,0
10/19/2017,2140.0,,,2140.0,0.0,0,0,0
10/18/2017,2140.0,,,2140.0,0.0,0,0,0
10/17/2017,2140.0,,,2140.0,0.0,0,0,0
10/16/2017,2140.0,,,2140.0,0.0,0,0,0
10/13/2017,2140.0,,,2140.0,0.0,0,0,0
10/12/2017,2140.0,,,2140.0,0.0,0,0,0
10/10/2017,2140.0,,,2140.0,0.0,0,0,0
10/9/2017,2140.0,,,2140.0,0.0,0,0,0
10/6/2017,2140.0,,,2140.0,0.0,0,0,0
10/5/2017,2140.0,,,2140.0,0.0,0,0,0
10/4/2017,2140.0,,,2140.0,0.0,0,0,0
10/3/2017,2140.0,,,2140.0,0.0,0,0,0
10/2/2017,2140.0,,,2140.0,0.0,0,0,0
9/29/2017,2140.0,,,2140.0,0.0,0,0,0
9/28/2017,2140.0,,,2140.0,0.0,0,0,0
9/27/2017,2140.0,,,2140.0,0.0,0,0,0
9/26/2017,2140.0,,,2140.0,0.0,0,0,0
9/25/2017,2140.0,,,2140.0,0.0,0,0,0
9/22/2017,2140.0,,,2140.0,0.0,0,0,0
9/21/2017,2140.0,,,2140.0,0.0,0,0,0
9/20/2017,2140.0,,,2140.0,0.0,0,0,0
9/19/2017,2140.0,,,2140.0,0.0,0,0,0
9/18/2017,2140.0,,,2140.0,0.0,0,0,0
9/15/2017,2140.0,,,2140.0,0.0,0,0,0
9/14/2017,2140.0,,,2140.0,0.0,0,0,0
9/13/2017,2140.0,,,2140.0,0.0,0,0,0
9/12/2017,2140.0,,,2140.0,0.0,0,0,0
9/11/2017,2140.0,,,2140.0,0.0,0,0,0
9/7/2017,2140.0,,,2140.0,0.0,0,0,0
9/6/2017,2140.0,,,2140.0,0.0,0,0,0
9/5/2017,2140.0,,,2140.0,0.0,0,0,0
9/4/2017,2140.0,,,2140.0,0.0,0,0,0
9/1/2017,2140.0,,,2140.0,0.0,0,0,0
8/31/2017,2140.0,,,2140.0,0.0,0,0,0
8/30/2017,2140.0,,,2140.0,0.0,0,0,0
8/29/2017,2140.0,,,2140.0,0.0,0,0,0
8/25/2017,2140.0,,,2140.0,0.0,0,0,0
8/24/2017,2140.0,,,2140.0,0.0,0,0,0
8/23/2017,2140.0,,,2140.0,0.0,0,0,0
8/22/2017,2140.0,,,2140.0,0.0,0,0,0
8/21/2017,2140.0,,,2140.0,0.0,0,0,0
8/18/2017,2140.0,,,2140.0,0.0,0,0,0
8/17/2017,2140.0,,,2140.0,0.0,0,0,0
8/16/2017,2140.0,,,2140.0,0.0,0,0,0
8/15/2017,2140.0,,,2140.0,0.0,0,0,0
8/14/2017,2140.0,,,2140.0,0.0,0,0,0
8/11/2017,2140.0,,,2140.0,0.0,0,0,0
8/10/2017,2140.0,,,2140.0,0.0,0,0,0
8/9/2017,2140.0,,,2140.0,0.0,0,0,0
8/8/2017,2140.0,2140.0,2140.0,2140.0,0.0,40,85600,85600
8/7/2017,2140.0,,,2140.0,0.0,0,0,0
8/4/2017,2140.0,,,2140.0,0.0,0,0,0
8/3/2017,2140.0,,,2140.0,0.0,0,0,0
8/1/2017,2140.0,,,2140.0,0.0,0,0,0
7/31/2017,2140.0,,,2140.0,0.0,0,0,0
7/28/2017,2140.0,,,2140.0,0.0,0,0,0
7/27/2017,2140.0,,,2140.0,0.0,0,0,0
7/26/2017,2140.0,,,2140.0,0.0,0,0,0
7/25/2017,2140.0,2140.0,2140.0,2140.0,9.69,10,21400,21400
7/24/2017,1951.0,1951.0,1951.0,1951.0,0.05,12,23412,23412
7/21/2017,1950.0,,,1950.0,0.0,0,0,0
7/20/2017,1950.0,1950.0,1950.0,1950.0,2.09,100,195000,195000
7/19/2017,1910.0,1910.0,1910.0,1910.0,9.14,55,105050,105050
7/18/2017,1750.0,,,1750.0,0.0,0,0,0
7/17/2017,1750.0,,,1750.0,0.0,0,0,0
7/14/2017,1750.0,,,1750.0,0.0,0,0,0
7/13/2017,1750.0,1750.0,1750.0,1750.0,6.06,103,180250,180250
7/12/2017,1650.0,,,1650.0,0.0,0,0,0
7/11/2017,1650.0,,,1650.0,0.0,0,0,0
7/10/2017,1650.0,,,1650.0,0.0,0,0,0
7/7/2017,1650.0,,,1650.0,0.0,0,0,0
7/6/2017,1650.0,,,1650.0,0.0,0,0,0
7/5/2017,1650.0,1650.0,1650.0,1650.0,0.0,50,82500,82500
7/4/2017,1650.0,,,1650.0,0.0,0,0,0
7/3/2017,1650.0,,,1650.0,0.0,0,0,0
6/30/2017,1650.0,,,1650.0,0.0,0,0,0
6/29/2017,1650.0,,,1650.0,0.0,0,0,0
6/28/2017,1650.0,,,1650.0,0.0,0,0,0
6/27/2017,1650.0,,,1650.0,0.0,0,0,0
6/23/2017,1650.0,,,1650.0,0.0,0,0,0
6/22/2017,1650.0,,,1650.0,0.0,0,0,0
6/21/2017,1650.0,,,1650.0,0.0,0,0,0
6/20/2017,1650.0,,,1650.0,0.0,0,0,0
6/19/2017,1650.0,,,1650.0,0.0,0,0,0
6/16/2017,1650.0,,,1650.0,0.0,0,0,0
6/15/2017,1650.0,,,1650.0,0.0,0,0,0
6/14/2017,1650.0,,,1650.0,0.0,0,0,0
6/13/2017,1650.0,,,1650.0,0.0,0,0,0
6/12/2017,1650.0,,,1650.0,0.0,0,0,0
6/9/2017,1650.0,,,1650.0,0.0,0,0,0
6/8/2017,1650.0,,,1650.0,0.0,0,0,0
6/7/2017,1650.0,,,1650.0,0.0,0,0,0
6/6/2017,1650.0,,,1650.0,0.0,0,0,0
6/5/2017,1650.0,,,1650.0,0.0,0,0,0
6/1/2017,1650.0,,,1650.0,0.0,0,0,0
5/31/2017,1650.0,,,1650.0,0.0,0,0,0
5/30/2017,1650.0,,,1650.0,0.0,0,0,0
5/29/2017,1650.0,,,1650.0,0.0,0,0,0
5/26/2017,1650.0,,,1650.0,0.0,0,0,0
5/25/2017,1650.0,,,1650.0,0.0,0,0,0
5/23/2017,1650.0,,,1650.0,0.0,0,0,0
5/22/2017,1650.0,,,1650.0,0.0,0,0,0
5/19/2017,1650.0,,,1650.0,0.0,0,0,0
5/18/2017,1650.0,,,1650.0,0.0,0,0,0
5/17/2017,1650.0,,,1650.0,0.0,0,0,0
5/16/2017,1650.0,,,1650.0,0.0,0,0,0
5/15/2017,1650.0,,,1650.0,0.0,0,0,0
5/12/2017,1650.0,,,1650.0,0.0,0,0,0
5/11/2017,1650.0,,,1650.0,0.0,0,0,0
5/10/2017,1650.0,,,1650.0,0.0,0,0,0
5/9/2017,1650.0,,,1650.0,0.0,0,0,0
5/8/2017,1650.0,,,1650.0,0.0,0,0,0
5/5/2017,1650.0,,,1650.0,0.0,0,0,0
5/4/2017,1650.0,,,1650.0,0.0,0,0,0
5/3/2017,1650.0,,,1650.0,0.0,0,0,0
5/2/2017,1650.0,,,1650.0,0.0,0,0,0
4/28/2017,1650.0,,,1650.0,0.0,0,0,0
4/27/2017,1650.0,1650.0,1650.0,1650.0,9.49,55,90750,90750
4/26/2017,1507.0,,,1507.0,0.0,0,0,0
4/25/2017,1507.0,,,1507.0,0.0,0,0,0
4/24/2017,1507.0,,,1507.0,0.0,0,0,0
4/21/2017,1507.0,,,1507.0,0.0,0,0,0
4/20/2017,1507.0,,,1507.0,0.0,0,0,0
4/19/2017,1507.0,,,1507.0,0.0,0,0,0
4/18/2017,1507.0,,,1507.0,0.0,0,0,0
4/13/2017,1507.0,,,1507.0,0.0,0,0,0
4/12/2017,1507.0,,,1507.0,0.0,0,0,0
4/11/2017,1507.0,,,1507.0,0.0,0,0,0
4/10/2017,1507.0,,,1507.0,0.0,0,0,0
4/7/2017,1507.0,,,1507.0,0.0,0,0,0
4/6/2017,1507.0,,,1507.0,0.0,0,0,0
4/5/2017,1507.0,,,1507.0,0.0,0,0,0
4/4/2017,1507.0,,,1507.0,0.0,0,0,0
4/3/2017,1507.0,,,1507.0,0.0,0,0,0
3/31/2017,1507.0,,,1507.0,0.0,0,0,0
3/30/2017,1507.0,,,1507.0,0.0,0,0,0
3/29/2017,1507.0,,,1507.0,0.0,0,0,0
3/28/2017,1507.0,,,1507.0,0.0,0,0,0
3/27/2017,1507.0,,,1507.0,0.0,0,0,0
3/24/2017,1507.0,,,1507.0,0.0,0,0,0
3/23/2017,1507.0,,,1507.0,0.0,0,0,0
3/22/2017,1507.0,,,1507.0,0.0,0,0,0
3/21/2017,1507.0,,,1507.0,0.0,0,0,0
3/20/2017,1507.0,,,1507.0,0.0,0,0,0
3/17/2017,1507.0,,,1507.0,0.0,0,0,0
3/16/2017,1507.0,,,1507.0,0.0,0,0,0
3/15/2017,1507.0,,,1507.0,0.0,0,0,0
3/14/2017,1507.0,,,1507.0,0.0,0,0,0
3/13/2017,1507.0,,,1507.0,0.0,0,0,0
3/10/2017,1507.0,,,1507.0,0.0,0,0,0
3/9/2017,1507.0,,,1507.0,0.0,0,0,0
3/8/2017,1507.0,,,1507.0,0.0,0,0,0
3/7/2017,1507.0,,,1507.0,0.0,0,0,0
3/6/2017,1507.0,,,1507.0,0.0,0,0,0
3/3/2017,1507.0,,,1507.0,0.0,0,0,0
3/2/2017,1507.0,,,1507.0,0.0,0,0,0
3/1/2017,1507.0,,,1507.0,0.0,0,0,0
2/28/2017,1507.0,,,1507.0,0.0,0,0,0
2/27/2017,1507.0,,,1507.0,0.0,0,0,0
2/24/2017,1507.0,,,1507.0,0.0,0,0,0
2/23/2017,1507.0,,,1507.0,0.0,0,0,0
2/22/2017,1507.0,,,1507.0,0.0,0,0,0
2/21/2017,1507.0,,,1507.0,0.0,0,0,0
2/20/2017,1507.0,,,1507.0,0.0,0,0,0
2/17/2017,1507.0,,,1507.0,0.0,0,0,0
2/16/2017,1507.0,,,1507.0,0.0,0,0,0
2/15/2017,1507.0,,,1507.0,0.0,0,0,0
2/14/2017,1507.0,,,1507.0,0.0,0,0,0
2/13/2017,1507.0,,,1507.0,0.0,0,0,0
2/10/2017,1507.0,,,1507.0,0.0,0,0,0
2/9/2017,1507.0,,,1507.0,0.0,0,0,0
2/8/2017,1507.0,,,1507.0,0.0,0,0,0
2/7/2017,1507.0,,,1507.0,0.0,0,0,0
2/6/2017,1507.0,,,1507.0,0.0,0,0,0
2/3/2017,1507.0,,,1507.0,0.0,0,0,0
2/2/2017,1507.0,1507.0,1507.0,1507.0,3.01,50,75350,75350
2/1/2017,1463.0,,,1463.0,0.0,0,0,0
1/31/2017,1463.0,,,1463.0,0.0,0,0,0
1/30/2017,1463.0,,,1463.0,0.0,0,0,0
1/27/2017,1463.0,,,1463.0,0.0,0,0,0
1/26/2017,1463.0,,,1463.0,0.0,0,0,0
1/25/2017,1463.0,,,1463.0,0.0,0,0,0
1/24/2017,1463.0,,,1463.0,0.0,0,0,0
1/23/2017,1463.0,,,1463.0,0.0,0,0,0
1/20/2017,1463.0,,,1463.0,0.0,0,0,0
1/18/2017,1463.0,,,1463.0,0.0,0,0,0
1/17/2017,1463.0,,,1463.0,0.0,0,0,0
1/16/2017,1463.0,,,1463.0,0.0,0,0,0
1/13/2017,1463.0,,,1463.0,0.0,0,0,0
1/12/2017,1463.0,,,1463.0,0.0,0,0,0
1/11/2017,1463.0,,,1463.0,0.0,0,0,0
1/10/2017,1463.0,,,1463.0,0.0,0,0,0
1/9/2017,1463.0,,,1463.0,0.0,0,0,0
1/5/2017,1463.0,,,1463.0,0.0,0,0,0
1/4/2017,1463.0,,,1463.0,0.0,0,0,0
1/3/2017,1463.0,,,1463.0,0.0,0,0,0
12/29/2016,1463.0,,,1463.0,0.0,0,0,0
12/28/2016,1463.0,,,1463.0,0.0,0,0,0
12/27/2016,1463.0,,,1463.0,0.0,0,0,0
12/26/2016,1463.0,,,1463.0,0.0,0,0,0
12/23/2016,1463.0,,,1463.0,0.0,0,0,0
12/22/2016,1463.0,1463.0,1463.0,1463.0,10.0,22,32186,32186
12/21/2016,1330.0,,,1330.0,0.0,0,0,0
12/20/2016,1330.0,,,1330.0,0.0,0,0,0
12/19/2016,1330.0,,,1330.0,0.0,0,0,0
12/16/2016,1330.0,,,1330.0,0.0,0,0,0
12/15/2016,1330.0,,,1330.0,0.0,0,0,0
12/14/2016,1330.0,,,1330.0,0.0,0,0,0
12/13/2016,1330.0,,,1330.0,0.0,0,0,0
12/12/2016,1330.0,,,1330.0,0.0,0,0,0
12/9/2016,1330.0,,,1330.0,0.0,0,0,0
12/7/2016,1330.0,,,1330.0,0.0,0,0,0
12/6/2016,1330.0,,,1330.0,0.0,0,0,0
12/5/2016,1330.0,,,1330.0,0.0,0,0,0
12/2/2016,1330.0,1330.0,1330.0,1330.0,-19.39,292,388360,388360
12/1/2016,1650.0,1650.0,1650.0,1650.0,0.0,117,193050,193050
11/29/2016,1650.0,,,1650.0,0.0,0,0,0
11/28/2016,1650.0,,,1650.0,0.0,0,0,0
11/25/2016,1650.0,,,1650.0,0.0,0,0,0
11/24/2016,1650.0,,,1650.0,0.0,0,0,0
11/23/2016,1650.0,,,1650.0,0.0,0,0,0
11/22/2016,1650.0,,,1650.0,0.0,0,0,0
11/21/2016,1650.0,,,1650.0,0.0,0,0,0
11/18/2016,1650.0,1650.0,1650.0,1650.0,10.0,50,82500,82500
11/17/2016,1500.0,1500.0,1500.0,1500.0,12.78,25,37500,37500
11/16/2016,1330.0,1330.0,1330.0,1330.0,10.74,270,359100,359100
11/15/2016,1201.0,1201.0,1201.0,1201.0,-9.7,150,180150,180150
11/14/2016,1330.0,1330.0,1330.0,1330.0,10.83,50,66500,66500
11/11/2016,1200.0,,,1200.0,0.0,0,0,0
11/10/2016,1200.0,,,1200.0,0.0,0,0,0
11/9/2016,1200.0,,,1200.0,0.0,0,0,0
11/8/2016,1200.0,,,1200.0,0.0,0,0,0
11/7/2016,1200.0,,,1200.0,0.0,0,0,0
11/4/2016,1200.0,,,1200.0,0.0,0,0,0
11/3/2016,1200.0,,,1200.0,0.0,0,0,0
11/2/2016,1200.0,,,1200.0,0.0,0,0,0
11/1/2016,1200.0,,,1200.0,0.0,0,0,0
10/31/2016,1200.0,,,1200.0,0.0,0,0,0
10/28/2016,1200.0,,,1200.0,0.0,0,0,0
10/27/2016,1200.0,,,1200.0,0.0,0,0,0
10/26/2016,1200.0,,,1200.0,0.0,0,0,0
10/25/2016,1200.0,,,1200.0,0.0,0,0,0
10/21/2016,1200.0,,,1200.0,0.0,0,0,0
10/20/2016,1200.0,1200.0,1200.0,1200.0,0.0,31,37200,37200
10/19/2016,1200.0,,,1200.0,0.0,0,0,0
10/18/2016,1200.0,,,1200.0,0.0,0,0,0
10/17/2016,1200.0,,,1200.0,0.0,0,0,0
10/14/2016,1200.0,,,1200.0,0.0,0,0,0
10/13/2016,1200.0,,,1200.0,0.0,0,0,0
10/12/2016,1200.0,,,1200.0,0.0,0,0,0
10/10/2016,1200.0,,,1200.0,0.0,0,0,0
10/7/2016,1200.0,,,1200.0,0.0,0,0,0
10/6/2016,1200.0,,,1200.0,0.0,0,0,0
10/5/2016,1200.0,,,1200.0,0.0,0,0,0
10/4/2016,1200.0,,,1200.0,0.0,0,0,0
10/3/2016,1200.0,,,1200.0,0.0,0,0,0
9/30/2016,1200.0,,,1200.0,0.0,0,0,0
9/29/2016,1200.0,,,1200.0,0.0,0,0,0
9/28/2016,1200.0,,,1200.0,0.0,0,0,0
9/27/2016,1200.0,,,1200.0,0.0,0,0,0
9/26/2016,1200.0,,,1200.0,0.0,0,0,0
9/23/2016,1200.0,,,1200.0,0.0,0,0,0
9/22/2016,1200.0,,,1200.0,0.0,0,0,0
9/21/2016,1200.0,,,1200.0,0.0,0,0,0
9/20/2016,1200.0,,,1200.0,0.0,0,0,0
9/19/2016,1200.0,,,1200.0,0.0,0,0,0
9/16/2016,1200.0,,,1200.0,0.0,0,0,0
9/15/2016,1200.0,,,1200.0,0.0,0,0,0
9/14/2016,1200.0,,,1200.0,0.0,0,0,0
9/13/2016,1200.0,,,1200.0,0.0,0,0,0
9/12/2016,1200.0,,,1200.0,0.0,0,0,0
9/9/2016,1200.0,,,1200.0,0.0,0,0,0
9/7/2016,1200.0,,,1200.0,0.0,0,0,0
9/6/2016,1200.0,1200.0,1200.0,1200.0,-0.41,127,152400,152400
9/5/2016,1205.0,1205.0,1205.0,1205.0,-7.31,60,72300,72300
9/2/2016,1300.0,,,1300.0,0.0,0,0,0
9/1/2016,1300.0,,,1300.0,0.0,0,0,0
8/31/2016,1300.0,,,1300.0,0.0,0,0,0
8/30/2016,1300.0,,,1300.0,0.0,0,0,0
8/29/2016,1300.0,,,1300.0,0.0,0,0,0
8/26/2016,1300.0,,,1300.0,0.0,0,0,0
8/25/2016,1300.0,,,1300.0,0.0,0,0,0
8/24/2016,1300.0,,,1300.0,0.0,0,0,0
8/23/2016,1300.0,,,1300.0,0.0,0,0,0
8/22/2016,1300.0,,,1300.0,0.0,0,0,0
8/19/2016,1300.0,,,1300.0,0.0,0,0,0
8/18/2016,1300.0,,,1300.0,0.0,0,0,0
8/17/2016,1300.0,,,1300.0,0.0,0,0,0
8/16/2016,1300.0,,,1300.0,0.0,0,0,0
8/15/2016,1300.0,,,1300.0,0.0,0,0,0
8/12/2016,1300.0,,,1300.0,0.0,0,0,0
8/11/2016,1300.0,,,1300.0,0.0,0,0,0
8/10/2016,1300.0,,,1300.0,0.0,0,0,0
8/9/2016,1300.0,,,1300.0,0.0,0,0,0
8/8/2016,1300.0,,,1300.0,0.0,0,0,0
8/5/2016,1300.0,,,1300.0,0.0,0,0,0
8/4/2016,1300.0,,,1300.0,0.0,0,0,0
8/3/2016,1300.0,,,1300.0,0.0,0,0,0
8/1/2016,1300.0,,,1300.0,0.0,0,0,0
7/29/2016,1300.0,,,1300.0,0.0,0,0,0
7/28/2016,1300.0,,,1300.0,0.0,0,0,0
7/27/2016,1300.0,,,1300.0,0.0,0,0,0
7/26/2016,1300.0,,,1300.0,0.0,0,0,0
7/25/2016,1300.0,,,1300.0,0.0,0,0,0
7/22/2016,1300.0,,,1300.0,0.0,0,0,0
7/21/2016,1300.0,,,1300.0,0.0,0,0,0
7/20/2016,1300.0,,,1300.0,0.0,0,0,0
7/19/2016,1300.0,,,1300.0,0.0,0,0,0
7/18/2016,1300.0,,,1300.0,0.0,0,0,0
7/15/2016,1300.0,,,1300.0,0.0,0,0,0
7/14/2016,1300.0,,,1300.0,0.0,0,0,0
7/13/2016,1300.0,,,1300.0,0.0,0,0,0
7/12/2016,1300.0,,,1300.0,0.0,0,0,0
7/11/2016,1300.0,,,1300.0,0.0,0,0,0
7/8/2016,1300.0,,,1300.0,0.0,0,0,0
7/7/2016,1300.0,,,1300.0,0.0,0,0,0
7/6/2016,1300.0,,,1300.0,0.0,0,0,0
7/4/2016,1300.0,,,1300.0,0.0,0,0,0
7/1/2016,1300.0,,,1300.0,0.0,0,0,0
6/30/2016,1300.0,,,1300.0,0.0,0,0,0
6/29/2016,1300.0,,,1300.0,0.0,0,0,0
6/28/2016,1300.0,,,1300.0,0.0,0,0,0
6/27/2016,1300.0,,,1300.0,0.0,0,0,0
6/24/2016,1300.0,,,1300.0,0.0,0,0,0
6/23/2016,1300.0,,,1300.0,0.0,0,0,0
6/22/2016,1300.0,,,1300.0,0.0,0,0,0
6/21/2016,1300.0,,,1300.0,0.0,0,0,0
6/20/2016,1300.0,,,1300.0,0.0,0,0,0
6/16/2016,1300.0,,,1300.0,0.0,0,0,0
6/15/2016,1300.0,,,1300.0,0.0,0,0,0
6/14/2016,1300.0,,,1300.0,0.0,0,0,0
6/13/2016,1300.0,,,1300.0,0.0,0,0,0
6/10/2016,1300.0,,,1300.0,0.0,0,0,0
6/9/2016,1300.0,,,1300.0,0.0,0,0,0
6/8/2016,1300.0,,,1300.0,0.0,0,0,0
6/7/2016,1300.0,,,1300.0,0.0,0,0,0
6/6/2016,1300.0,,,1300.0,0.0,0,0,0
6/3/2016,1300.0,,,1300.0,0.0,0,0,0
6/2/2016,1300.0,1300.0,1300.0,1300.0,-13.28,50,65000,65000
6/1/2016,1499.0,,,1499.0,0.0,0,0,0
5/31/2016,1499.0,,,1499.0,0.0,0,0,0
5/30/2016,1499.0,,,1499.0,0.0,0,0,0
5/27/2016,1499.0,,,1499.0,0.0,0,0,0
5/26/2016,1499.0,,,1499.0,0.0,0,0,0
5/25/2016,1499.0,,,1499.0,0.0,0,0,0
5/23/2016,1499.0,,,1499.0,0.0,0,0,0
5/20/2016,1499.0,,,1499.0,0.0,0,0,0
5/19/2016,1499.0,,,1499.0,0.0,0,0,0
5/18/2016,1499.0,,,1499.0,0.0,0,0,0
5/17/2016,1499.0,,,1499.0,0.0,0,0,0
5/16/2016,1499.0,,,1499.0,0.0,0,0,0
5/13/2016,1499.0,,,1499.0,0.0,0,0,0
5/12/2016,1499.0,,,1499.0,0.0,0,0,0
5/11/2016,1499.0,,,1499.0,0.0,0,0,0
5/10/2016,1499.0,,,1499.0,0.0,0,0,0
5/9/2016,1499.0,,,1499.0,0.0,0,0,0
5/6/2016,1499.0,,,1499.0,0.0,0,0,0
5/5/2016,1499.0,,,1499.0,0.0,0,0,0
5/4/2016,1499.0,,,1499.0,0.0,0,0,0
5/3/2016,1499.0,,,1499.0,0.0,0,0,0
4/28/2016,1499.0,,,1499.0,0.0,0,0,0
4/27/2016,1499.0,,,1499.0,0.0,0,0,0
4/26/2016,1499.0,,,1499.0,0.0,0,0,0
4/25/2016,1499.0,,,1499.0,0.0,0,0,0
4/22/2016,1499.0,,,1499.0,0.0,0,0,0
4/21/2016,1499.0,,,1499.0,0.0,0,0,0
4/20/2016,1499.0,,,1499.0,0.0,0,0,0
4/19/2016,1499.0,,,1499.0,0.0,0,0,0
4/18/2016,1499.0,,,1499.0,0.0,0,0,0
4/15/2016,1499.0,,,1499.0,0.0,0,0,0
4/14/2016,1499.0,,,1499.0,0.0,0,0,0
4/13/2016,1499.0,,,1499.0,0.0,0,0,0
4/12/2016,1499.0,,,1499.0,0.0,0,0,0
4/11/2016,1499.0,,,1499.0,0.0,0,0,0
4/8/2016,1499.0,,,1499.0,0.0,0,0,0
4/7/2016,1499.0,,,1499.0,0.0,0,0,0
4/6/2016,1499.0,,,1499.0,0.0,0,0,0
4/5/2016,1499.0,,,1499.0,0.0,0,0,0
4/4/2016,1499.0,,,1499.0,0.0,0,0,0
4/1/2016,1499.0,,,1499.0,0.0,0,0,0
3/31/2016,1499.0,,,1499.0,0.0,0,0,0
3/30/2016,1499.0,,,1499.0,0.0,0,0,0
3/29/2016,1499.0,,,1499.0,0.0,0,0,0
3/28/2016,1499.0,,,1499.0,0.0,0,0,0
3/25/2016,1499.0,,,1499.0,0.0,0,0,0
3/24/2016,1499.0,,,1499.0,0.0,0,0,0
3/23/2016,1499.0,,,1499.0,0.0,0,0,0
3/22/2016,1499.0,,,1499.0,0.0,0,0,0
3/21/2016,1499.0,,,1499.0,0.0,0,0,0
3/18/2016,1499.0,,,1499.0,0.0,0,0,0
3/17/2016,1499.0,,,1499.0,0.0,0,0,0
3/16/2016,1499.0,,,1499.0,0.0,0,0,0
3/15/2016,1499.0,,,1499.0,0.0,0,0,0
3/14/2016,1499.0,,,1499.0,0.0,0,0,0
3/11/2016,1499.0,,,1499.0,0.0,0,0,0
3/10/2016,1499.0,,,1499.0,0.0,0,0,0
3/9/2016,1499.0,,,1499.0,0.0,0,0,0
3/8/2016,1499.0,,,1499.0,0.0,0,0,0
3/7/2016,1499.0,,,1499.0,0.0,0,0,0
3/4/2016,1499.0,,,1499.0,0.0,0,0,0
3/3/2016,1499.0,,,1499.0,0.0,0,0,0
3/2/2016,1499.0,,,1499.0,0.0,0,0,0
3/1/2016,1499.0,,,1499.0,0.0,0,0,0
2/29/2016,1499.0,,,1499.0,0.0,0,0,0
2/26/2016,1499.0,,,1499.0,0.0,0,0,0
2/25/2016,1499.0,,,1499.0,0.0,0,0,0
2/24/2016,1499.0,,,1499.0,0.0,0,0,0
2/23/2016,1499.0,,,1499.0,0.0,0,0,0
2/22/2016,1499.0,,,1499.0,0.0,0,0,0
2/19/2016,1499.0,,,1499.0,0.0,0,0,0
2/18/2016,1499.0,1499.0,1499.0,1499.0,0.0,500,749500,749500
2/17/2016,1499.0,,,1499.0,0.0,0,0,0
2/16/2016,1499.0,,,1499.0,0.0,0,0,0
2/15/2016,1499.0,,,1499.0,0.0,0,0,0
2/12/2016,1499.0,,,1499.0,0.0,0,0,0
2/11/2016,1499.0,,,1499.0,0.0,0,0,0
2/10/2016,1499.0,,,1499.0,0.0,0,0,0
2/9/2016,1499.0,,,1499.0,0.0,0,0,0
2/8/2016,1499.0,,,1499.0,0.0,0,0,0
2/5/2016,1499.0,,,1499.0,0.0,0,0,0
2/4/2016,1499.0,,,1499.0,0.0,0,0,0
2/3/2016,1499.0,,,1499.0,0.0,0,0,0
2/2/2016,1499.0,,,1499.0,0.0,0,0,0
2/1/2016,1499.0,,,1499.0,0.0,0,0,0
1/29/2016,1499.0,,,1499.0,0.0,0,0,0
1/28/2016,1499.0,,,1499.0,0.0,0,0,0
1/27/2016,1499.0,,,1499.0,0.0,0,0,0
1/26/2016,1499.0,,,1499.0,0.0,0,0,0
1/25/2016,1499.0,,,1499.0,0.0,0,0,0
1/22/2016,1499.0,,,1499.0,0.0,0,0,0
1/21/2016,1499.0,,,1499.0,0.0,0,0,0
1/20/2016,1499.0,,,1499.0,0.0,0,0,0
1/18/2016,1499.0,,,1499.0,0.0,0,0,0
1/15/2016,1499.0,,,1499.0,0.0,0,0,0
1/14/2016,1499.0,,,1499.0,0.0,0,0,0
1/13/2016,1499.0,,,1499.0,0.0,0,0,0
1/12/2016,1499.0,,,1499.0,0.0,0,0,0
1/11/2016,1499.0,,,1499.0,0.0,0,0,0
1/8/2016,1499.0,,,1499.0,0.0,0,0,0
1/5/2016,1499.0,,,1499.0,0.0,0,0,0
1/4/2016,1499.0,,,1499.0,0.0,0,0,0
12/30/2015,1499.0,,,1499.0,0.0,0,0,0
12/29/2015,1499.0,,,1499.0,0.0,0,0,0
12/28/2015,1499.0,,,1499.0,0.0,0,0,0
12/25/2015,1499.0,,,1499.0,0.0,0,0,0
12/24/2015,1499.0,,,1499.0,0.0,0,0,0
12/23/2015,1499.0,,,1499.0,0.0,0,0,0
12/22/2015,1499.0,,,1499.0,0.0,0,0,0
12/21/2015,1499.0,,,1499.0,0.0,0,0,0
12/18/2015,1499.0,,,1499.0,0.0,0,0,0
12/17/2015,1499.0,,,1499.0,0.0,0,0,0
12/16/2015,1499.0,,,1499.0,0.0,0,0,0
12/15/2015,1499.0,,,1499.0,0.0,0,0,0
12/14/2015,1499.0,,,1499.0,0.0,0,0,0
12/11/2015,1499.0,,,1499.0,0.0,0,0,0
12/10/2015,1499.0,,,1499.0,0.0,0,0,0
12/9/2015,1499.0,,,1499.0,0.0,0,0,0
12/7/2015,1499.0,,,1499.0,0.0,0,0,0
12/4/2015,1499.0,,,1499.0,0.0,0,0,0
12/3/2015,1499.0,,,1499.0,0.0,0,0,0
12/1/2015,1499.0,,,1499.0,0.0,0,0,0
11/30/2015,1499.0,,,1499.0,0.0,0,0,0
11/27/2015,1499.0,,,1499.0,0.0,0,0,0
11/26/2015,1499.0,,,1499.0,0.0,0,0,0
11/25/2015,1499.0,,,1499.0,0.0,0,0,0
11/24/2015,1499.0,,,1499.0,0.0,0,0,0
11/23/2015,1499.0,,,1499.0,0.0,0,0,0
11/20/2015,1499.0,,,1499.0,0.0,0,0,0
11/19/2015,1499.0,,,1499.0,0.0,0,0,0
11/18/2015,1499.0,,,1499.0,0.0,0,0,0
11/17/2015,1499.0,,,1499.0,0.0,0,0,0
11/16/2015,1499.0,,,1499.0,0.0,0,0,0
11/13/2015,1499.0,,,1499.0,0.0,0,0,0
11/13/2015,1499.0,,,1499.0,0.0,0,0,0
11/12/2015,1499.0,,,1499.0,0.0,0,0,0
11/11/2015,1499.0,,,1499.0,0.0,0,0,0
11/10/2015,1499.0,,,1499.0,0.0,0,0,0
11/9/2015,1499.0,,,1499.0,0.0,0,0,0
11/6/2015,1499.0,,,1499.0,0.0,0,0,0
11/5/2015,1499.0,,,1499.0,0.0,0,0,0
11/4/2015,1499.0,,,1499.0,0.0,0,0,0
11/3/2015,1499.0,,,1499.0,0.0,0,0,0
11/2/2015,1499.0,,,1499.0,0.0,0,0,0
10/30/2015,1499.0,,,1499.0,0.0,0,0,0
10/29/2015,1499.0,,,1499.0,0.0,0,0,0
10/28/2015,1499.0,,,1499.0,0.0,0,0,0
10/27/2015,1499.0,,,1499.0,0.0,0,0,0
10/26/2015,1499.0,,,1499.0,0.0,0,0,0
10/22/2015,1499.0,,,1499.0,0.0,0,0,0
10/21/2015,1499.0,,,1499.0,0.0,0,0,0
10/20/2015,1499.0,,,1499.0,0.0,0,0,0
10/19/2015,1499.0,,,1499.0,0.0,0,0,0
10/16/2015,1499.0,,,1499.0,0.0,0,0,0
10/15/2015,1499.0,,,1499.0,0.0,0,0,0
10/14/2015,1499.0,,,1499.0,0.0,0,0,0
10/13/2015,1499.0,,,1499.0,0.0,0,0,0
10/9/2015,1499.0,,,1499.0,0.0,0,0,0
10/8/2015,1499.0,,,1499.0,0.0,0,0,0
10/7/2015,1499.0,,,1499.0,0.0,0,0,0
10/6/2015,1499.0,,,1499.0,0.0,0,0,0
10/5/2015,1499.0,,,1499.0,0.0,0,0,0
10/2/2015,1499.0,1499.0,1499.0,1499.0,30.35,5,7495,7495
10/1/2015,1150.0,,,1150.0,0.0,0,0,0
9/30/2015,1150.0,,,1150.0,0.0,0,0,0
9/29/2015,1150.0,,,1150.0,0.0,0,0,0
9/28/2015,1150.0,,,1150.0,0.0,0,0,0
9/25/2015,1150.0,,,1150.0,0.0,0,0,0
9/24/2015,1150.0,1150.0,1150.0,1150.0,0.26,201,231150,231150
9/23/2015,1147.0,,,1147.0,0.0,0,0,0
9/22/2015,1147.0,,,1147.0,0.0,0,0,0
9/21/2015,1147.0,,,1147.0,0.0,0,0,0
9/18/2015,1147.0,,,1147.0,0.0,0,0,0
9/17/2015,1147.0,,,1147.0,0.0,0,0,0
9/16/2015,1147.0,,,1147.0,0.0,0,0,0
9/15/2015,1147.0,,,1147.0,0.0,0,0,0
9/14/2015,1147.0,,,1147.0,0.0,0,0,0
9/11/2015,1147.0,,,1147.0,0.0,0,0,0
9/10/2015,1147.0,,,1147.0,0.0,0,0,0
9/9/2015,1147.0,,,1147.0,0.0,0,0,0
9/7/2015,1147.0,,,1147.0,0.0,0,0,0
9/4/2015,1147.0,,,1147.0,0.0,0,0,0
9/3/2015,1147.0,,,1147.0,0.0,0,0,0
9/2/2015,1147.0,,,1147.0,0.0,0,0,0
9/1/2015,1147.0,,,1147.0,0.0,0,0,0
8/31/2015,1147.0,,,1147.0,0.0,0,0,0
8/27/2015,1147.0,,,1147.0,0.0,0,0,0
8/26/2015,1147.0,,,1147.0,0.0,0,0,0
8/25/2015,1147.0,,,1147.0,0.0,0,0,0
8/24/2015,1147.0,,,1147.0,0.0,0,0,0
8/21/2015,1147.0,,,1147.0,0.0,0,0,0
8/20/2015,1147.0,,,1147.0,0.0,0,0,0
8/19/2015,1147.0,,,1147.0,0.0,0,0,0
8/18/2015,1147.0,,,1147.0,0.0,0,0,0
8/17/2015,1147.0,,,1147.0,0.0,0,0,0
8/14/2015,1147.0,,,1147.0,0.0,0,0,0
8/13/2015,1147.0,,,1147.0,0.0,0,0,0
8/12/2015,1147.0,,,1147.0,0.0,0,0,0
8/11/2015,1147.0,,,1147.0,0.0,0,0,0
8/10/2015,1147.0,,,1147.0,0.0,0,0,0
8/7/2015,1147.0,,,1147.0,0.0,0,0,0
8/6/2015,1147.0,,,1147.0,0.0,0,0,0
8/5/2015,1147.0,,,1147.0,0.0,0,0,0
8/4/2015,1147.0,,,1147.0,0.0,0,0,0
7/31/2015,1147.0,,,1147.0,0.0,0,0,0
7/30/2015,1147.0,,,1147.0,0.0,0,0,0
7/29/2015,1147.0,,,1147.0,0.0,0,0,0
7/28/2015,1147.0,,,1147.0,0.0,0,0,0
7/27/2015,1147.0,1147.0,1147.0,1147.0,-11.77,50,57350,57350
7/24/2015,1300.0,,,1300.0,0.0,0,0,0
7/23/2015,1300.0,,,1300.0,0.0,0,0,0
7/22/2015,1300.0,,,1300.0,0.0,0,0,0
7/21/2015,1300.0,,,1300.0,0.0,0,0,0
7/20/2015,1300.0,,,1300.0,0.0,0,0,0
7/16/2015,1300.0,,,1300.0,0.0,0,0,0
7/15/2015,1300.0,,,1300.0,0.0,0,0,0
7/14/2015,1300.0,,,1300.0,0.0,0,0,0
7/13/2015,1300.0,,,1300.0,0.0,0,0,0
7/10/2015,1300.0,,,1300.0,0.0,0,0,0
7/9/2015,1300.0,,,1300.0,0.0,0,0,0
7/8/2015,1300.0,,,1300.0,0.0,0,0,0
7/7/2015,1300.0,,,1300.0,0.0,0,0,0
7/6/2015,1300.0,,,1300.0,0.0,0,0,0
7/3/2015,1300.0,,,1300.0,0.0,0,0,0
7/2/2015,1300.0,,,1300.0,0.0,0,0,0
7/1/2015,1300.0,,,1300.0,0.0,0,0,0
6/30/2015,1300.0,,,1300.0,0.0,0,0,0
6/29/2015,1300.0,,,1300.0,0.0,0,0,0
6/26/2015,1300.0,,,1300.0,0.0,0,0,0
6/25/2015,1300.0,,,1300.0,0.0,0,0,0
6/24/2015,1300.0,,,1300.0,0.0,0,0,0
6/23/2015,1300.0,,,1300.0,0.0,0,0,0
6/22/2015,1300.0,,,1300.0,0.0,0,0,0
6/19/2015,1300.0,,,1300.0,0.0,0,0,0
6/18/2015,1300.0,,,1300.0,0.0,0,0,0
6/17/2015,1300.0,,,1300.0,0.0,0,0,0
6/16/2015,1300.0,,,1300.0,0.0,0,0,0
6/15/2015,1300.0,,,1300.0,0.0,0,0,0
6/12/2015,1300.0,,,1300.0,0.0,0,0,0
6/11/2015,1300.0,,,1300.0,0.0,0,0,0
6/10/2015,1300.0,,,1300.0,0.0,0,0,0
6/9/2015,1300.0,,,1300.0,0.0,0,0,0
6/8/2015,1300.0,,,1300.0,0.0,0,0,0
6/5/2015,1300.0,,,1300.0,0.0,0,0,0
6/4/2015,1300.0,,,1300.0,0.0,0,0,0
6/3/2015,1300.0,,,1300.0,0.0,0,0,0
6/2/2015,1300.0,,,1300.0,0.0,0,0,0
6/1/2015,1300.0,,,1300.0,0.0,0,0,0
5/28/2015,1300.0,,,1300.0,0.0,0,0,0
5/27/2015,1300.0,,,1300.0,0.0,0,0,0
5/26/2015,1300.0,,,1300.0,0.0,0,0,0
5/22/2015,1300.0,,,1300.0,0.0,0,0,0
5/21/2015,1300.0,,,1300.0,0.0,0,0,0
5/20/2015,1300.0,,,1300.0,0.0,0,0,0
5/19/2015,1300.0,,,1300.0,0.0,0,0,0
5/18/2015,1300.0,,,1300.0,0.0,0,0,0
5/15/2015,1300.0,,,1300.0,0.0,0,0,0
5/14/2015,1300.0,,,1300.0,0.0,0,0,0
5/13/2015,1300.0,,,1300.0,0.0,0,0,0
5/12/2015,1300.0,,,1300.0,0.0,0,0,0
5/11/2015,1300.0,,,1300.0,0.0,0,0,0
5/8/2015,1300.0,,,1300.0,0.0,0,0,0
5/7/2015,1300.0,,,1300.0,0.0,0,0,0
5/6/2015,1300.0,,,1300.0,0.0,0,0,0
5/5/2015,1300.0,,,1300.0,0.0,0,0,0
5/4/2015,1300.0,,,1300.0,0.0,0,0,0
4/30/2015,1300.0,1300.0,1300.0,1300.0,0.0,65,84500,84500
4/29/2015,1300.0,,,1300.0,0.0,0,0,0
4/28/2015,1300.0,,,1300.0,0.0,0,0,0
4/27/2015,1300.0,1300.0,1300.0,1300.0,0.0,10,13000,13000
4/24/2015,1300.0,,,1300.0,0.0,0,0,0
4/23/2015,1300.0,,,1300.0,0.0,0,0,0
4/22/2015,1300.0,,,1300.0,0.0,0,0,0
4/21/2015,1300.0,,,1300.0,0.0,0,0,0
4/20/2015,1300.0,,,1300.0,0.0,0,0,0
4/17/2015,1300.0,,,1300.0,0.0,0,0,0
4/16/2015,1300.0,,,1300.0,0.0,0,0,0
4/15/2015,1300.0,,,1300.0,0.0,0,0,0
4/14/2015,1300.0,,,1300.0,0.0,0,0,0
4/9/2015,1300.0,,,1300.0,0.0,0,0,0
4/8/2015,1300.0,,,1300.0,0.0,0,0,0
4/7/2015,1300.0,,,1300.0,0.0,0,0,0
4/6/2015,1300.0,,,1300.0,0.0,0,0,0
4/3/2015,1300.0,,,1300.0,0.0,0,0,0
4/2/2015,1300.0,,,1300.0,0.0,0,0,0
4/1/2015,1300.0,,,1300.0,0.0,0,0,0
3/31/2015,1300.0,,,1300.0,0.0,0,0,0
3/30/2015,1300.0,,,1300.0,0.0,0,0,0
3/27/2015,1300.0,,,1300.0,0.0,0,0,0
3/26/2015,1300.0,,,1300.0,0.0,0,0,0
3/25/2015,1300.0,,,1300.0,0.0,0,0,0
3/24/2015,1300.0,,,1300.0,0.0,0,0,0
3/23/2015,1300.0,,,1300.0,0.0,0,0,0
3/20/2015,1300.0,,,1300.0,0.0,0,0,0
3/19/2015,1300.0,,,1300.0,0.0,0,0,0
3/18/2015,1300.0,,,1300.0,0.0,0,0,0
3/17/2015,1300.0,,,1300.0,0.0,0,0,0
3/16/2015,1300.0,,,1300.0,0.0,0,0,0
3/13/2015,1300.0,,,1300.0,0.0,0,0,0
3/12/2015,1300.0,,,1300.0,0.0,0,0,0
3/11/2015,1300.0,,,1300.0,0.0,0,0,0
3/10/2015,1300.0,,,1300.0,0.0,0,0,0
3/9/2015,1300.0,,,1300.0,0.0,0,0,0
3/6/2015,1300.0,,,1300.0,0.0,0,0,0
3/5/2015,1300.0,,,1300.0,0.0,0,0,0
3/4/2015,1300.0,,,1300.0,0.0,0,0,0
3/3/2015,1300.0,,,1300.0,0.0,0,0,0
3/2/2015,1300.0,,,1300.0,0.0,0,0,0
2/27/2015,1300.0,,,1300.0,0.0,0,0,0
2/26/2015,1300.0,,,1300.0,0.0,0,0,0
2/25/2015,1300.0,,,1300.0,0.0,0,0,0
2/24/2015,1300.0,,,1300.0,0.0,0,0,0
2/23/2015,1300.0,,,1300.0,0.0,0,0,0
2/20/2015,1300.0,1300.0,1300.0,1300.0,0.0,30,39000,39000
2/19/2015,1300.0,,,1300.0,0.0,0,0,0
2/18/2015,1300.0,,,1300.0,0.0,0,0,0
2/17/2015,1300.0,,,1300.0,0.0,0,0,0
2/16/2015,1300.0,,,1300.0,0.0,0,0,0
2/13/2015,1300.0,,,1300.0,0.0,0,0,0
2/12/2015,1300.0,,,1300.0,0.0,0,0,0
2/11/2015,1300.0,,,1300.0,0.0,0,0,0
2/10/2015,1300.0,,,1300.0,0.0,0,0,0
2/9/2015,1300.0,,,1300.0,0.0,0,0,0
2/6/2015,1300.0,,,1300.0,0.0,0,0,0
2/5/2015,1300.0,,,1300.0,0.0,0,0,0
2/4/2015,1300.0,,,1300.0,0.0,0,0,0
2/3/2015,1300.0,,,1300.0,0.0,0,0,0
2/2/2015,1300.0,,,1300.0,0.0,0,0,0
1/30/2015,1300.0,,,1300.0,0.0,0,0,0
1/29/2015,1300.0,,,1300.0,0.0,0,0,0
1/28/2015,1300.0,,,1300.0,0.0,0,0,0
1/27/2015,1300.0,,,1300.0,0.0,0,0,0
1/26/2015,1300.0,,,1300.0,0.0,0,0,0
1/23/2015,1300.0,,,1300.0,0.0,0,0,0
1/22/2015,1300.0,,,1300.0,0.0,0,0,0
1/21/2015,1300.0,,,1300.0,0.0,0,0,0
1/20/2015,1300.0,,,1300.0,0.0,0,0,0
1/16/2015,1300.0,,,1300.0,0.0,0,0,0
1/15/2015,1300.0,,,1300.0,0.0,0,0,0
1/14/2015,1300.0,,,1300.0,0.0,0,0,0
1/13/2015,1300.0,,,1300.0,0.0,0,0,0
1/12/2015,1300.0,,,1300.0,0.0,0,0,0
1/9/2015,1300.0,,,1300.0,0.0,0,0,0
1/8/2015,1300.0,,,1300.0,0.0,0,0,0
1/5/2015,1300.0,,,1300.0,0.0,0,0,0
1/2/2015,1300.0,,,1300.0,0.0,0,0,0
12/30/2014,1300.0,,,1300.0,0.0,0,0,0
12/29/2014,1300.0,,,1300.0,0.0,0,0,0
12/26/2014,1300.0,,,1300.0,0.0,0,0,0
12/25/2014,1300.0,,,1300.0,0.0,0,0,0
12/24/2014,1300.0,,,1300.0,0.0,0,0,0
12/23/2014,1300.0,,,1300.0,0.0,0,0,0
12/22/2014,1300.0,,,1300.0,0.0,0,0,0
12/19/2014,1300.0,,,1300.0,0.0,0,0,0
12/18/2014,1300.0,,,1300.0,0.0,0,0,0
12/17/2014,1300.0,,,1300.0,0.0,0,0,0
12/16/2014,1300.0,,,1300.0,0.0,0,0,0
12/15/2014,1300.0,,,1300.0,0.0,0,0,0
12/12/2014,1300.0,,,1300.0,0.0,0,0,0
12/11/2014,1300.0,,,1300.0,0.0,0,0,0
12/10/2014,1300.0,,,1300.0,0.0,0,0,0
12/9/2014,1300.0,,,1300.0,0.0,0,0,0
12/5/2014,1300.0,,,1300.0,0.0,0,0,0
12/4/2014,1300.0,,,1300.0,0.0,0,0,0
12/2/2014,1300.0,,,1300.0,0.0,0,0,0
12/1/2014,1300.0,,,1300.0,0.0,0,0,0
11/28/2014,1300.0,,,1300.0,0.0,0,0,0
11/27/2014,1300.0,,,1300.0,0.0,0,0,0
11/26/2014,1300.0,,,1300.0,0.0,0,0,0
11/25/2014,1300.0,,,1300.0,0.0,0,0,0
11/24/2014,1300.0,1300.0,1300.0,1300.0,0.0,100,130000,130000
11/21/2014,1300.0,,,1300.0,0.0,0,0,0
11/20/2014,1300.0,,,1300.0,0.0,0,0,0
11/19/2014,1300.0,,,1300.0,0.0,0,0,0
11/18/2014,1300.0,,,1300.0,0.0,0,0,0
11/17/2014,1300.0,,,1300.0,0.0,0,0,0
11/14/2014,1300.0,,,1300.0,0.0,0,0,0
11/13/2014,1300.0,,,1300.0,0.0,0,0,0
